smiles,logS
CC1CC2C3CCC4=CC(=O)C=CC4(C)C3(F)C(O)CC2(C)C1(O)C(=O)CO,-3.7075
CC(=O)OCC(=O)C1(O)CCC2C3CCC4=CC(=O)CCC4(C)C3C(O)CC21C,-4.458
CC(=O)OCC(=O)C1(O)CCC2C3CCC4=CC(=O)CCC4(C)C3C(=O)CC21C,-4.303999999999999
CCC1(c2ccccc2)C(=O)NC(=O)NC1=O,-2.321
CCC1(CC)C(=O)NC(=O)N(C)C1=O,-2.0
O=P1(N(CCCl)CCCl)NCCCO1,-0.815
CC(O)C(=O)O,1.045
CC12CCC(=O)C=C1CCC1C2C(O)CC2(C)C(C(=O)CO)CCC12,-3.241
CC12CCC(=O)C=C1CCC1C2C(O)CC2(C)C1CCC2(O)C(=O)CO,-3.054
CC12C=CC(=O)C=C1CCC1C2C(O)CC2(C)C1CCC2(O)C(=O)CO,-3.209
Clc1ccc(C(c2ccc(Cl)cc2)C(Cl)(Cl)Cl)cc1,-7.809
O=C(O)c1c(Cl)ccc(Cl)c1Cl,-1.467
c1ccc2c(c1)cc1ccc3cccc4ccc2c1c34,-8.192
CCCCC1C(=O)N(c2ccccc2)N(c2ccccc2)C1=O,-3.812
COC(=O)C1C(OC(=O)c2ccccc2)CC2CCC1N2C,-2.227
CNCCCN1c2ccccc2CCc2ccccc21,-3.658
CN(C)CCC=C1c2ccccc2CCc2ccccc21,-4.456
CN(C)CCCN1c2ccccc2CCc2ccccc21,-4.187
CN(C)CCCN1c2ccccc2Sc2ccc(Cl)cc21,-5.097
O=C(Nc1ccc([N+](=O)[O-])cc1Cl)c1cc(Cl)ccc1O,-4.702
CC(=O)Oc1ccccc1C(=O)O,-1.5930000000000002
O=C1OC(C(O)CO)C(O)=C1O,0.3165
O=C(O)c1ccc(Cl)cc1Cl,-2.603
O=c1[nH]cc(F)c(=O)[nH]1,-1.069
O=[N+]([O-])c1ccc(O)c([N+](=O)[O-])c1,-1.819
CN1C2CC(OC(=O)C(CO)c3ccccc3)CC1C1OC12,-0.504
O=C(O)c1cc(Cl)cc(Cl)c1,-3.114
O=C(O)c1ccc(Cl)c(Cl)c1,-3.495
CN1C2CCC1CC(OC(=O)C(CO)c1ccccc1)C2,-2.119
NCCc1ccc(O)cc1,-1.12
CCOC(N)=O,0.731
C#CC1(OC(C)=O)CCC2C3CCC4=CC(=O)CCC4C3CCC21C,-4.784
CC(=O)SC1CC2=CC(=O)CCC2(C)C2CCC3(C)C(CCC34CCC(=O)O4)C12,-4.277
CC(=O)OCC(=O)C1(O)CCC2C3CCC4=CC(=O)C=CC4(C)C3C(O)CC21C,-4.369
CCC1(C2=CCCCC2)C(=O)NC(=O)NC1=O,-2.169
C=CCC1(CC=C)C(=O)NC(=O)NC1=O,-2.061
O=[N+]([O-])C(Br)(CO)CO,0.0969999999999999
NC1(C(=O)O)CCCC1,-0.412
CC(C)(S)C(N)C(=O)O,-0.128
COP(=O)(OC)C(O)C(Cl)(Cl)Cl,-0.331
O=C(CCCN1CCC(O)(c2ccc(Cl)cc2)CC1)c1ccc(F)cc1,-4.428999999999999
CC12CCC(=O)C=C1CCC1C2C(=O)CC2(C)C1CCC2(O)C(=O)CO,-3.11
CC12CCC3c4ccc(O)cc4CCC3C1CCC2=O,-3.955
Clc1ccc(C(c2ccccc2Cl)C(Cl)Cl)cc1,-6.505
CC12CCC3C(CCC4CC(O)CCC43C)C1CCC2=O,-4.402
CC12CCC3C(CC=C4CC(O)CCC43C)C1CCC2=O,-4.122
c1ccc2c(c1)ccc1cc3c(ccc4ccccc43)cc12,-8.048
CC(=O)Nc1ccc2c(c1)Cc1ccccc1-2,-4.625
CN1CCCC1c1cccnc1,0.79
NS(=O)(=O)c1cc(C(=O)O)c(NCc2ccco2)cc1Cl,-3.656
NNC(=O)c1ccncc1,0.009
CCN(CC)N=O,0.016
NC(=O)c1ccccc1,-0.953
O=C(O)c1ccncc1,-1.374
COP(=S)(OC)Oc1ccc(SC)c(C)c1,-4.569
O=[N+]([O-])OCC(CO[N+](=O)[O-])O[N+](=O)[O-],-2.216
NCCCC(=O)O,1.101
ClC(Cl)(Cl)Cl,-2.2880000000000003
CC12C(=O)OC(=O)C1(C)C1CCC2O1,-3.816
CN1C(=O)C(C)(C2=CCCCC2)C(=O)N=C1O,-2.735
CCOP(=S)(OCC)Oc1ccc([N+](=O)[O-])cc1,-4.649
NCC(=O)O,0.521
CC(=O)OCC(=O)C1CCC2C3CCC4=CC(=O)CCC4(C)C3CCC12C,-4.63
Cc1ccc2cc3c(ccc4ccccc43)c3c2c1CC3,-7.966
CCC(=C(CC)c1ccc(O)cc1)c1ccc(O)cc1,-4.35
c1ccc2cc3c(ccc4ccccc43)cc2c1,-7.385
CCOP(=S)(OCC)Oc1ccc2c(C)c(Cl)c(=O)oc2c1,-5.384
O=C(NC(CO)C(O)c1ccc([N+](=O)[O-])cc1)C(Cl)Cl,-2.111
OCC(O)CO,1.036
NC(CC(=O)O)C(=O)O,-0.318
NC(=O)CCC(N)C(=O)O,-0.5489999999999999
NC(CCC(=O)O)C(=O)O,-1.235
C=CCN=C=S,-1.695
CCCCCCCCCCCCCCCC(=O)O,-6.807
NC(N)=O,0.958
CN(C)N,1.221
CC(C)(O)C(Cl)(Cl)Cl,-1.346
O=C1CC2OCC=C3CN4CCC56c7ccccc7N1C5C2C3CC46,-3.32
O=C1NC(=O)C(c2ccccc2)(c2ccccc2)N1,-3.897
CCOC(=O)C1(c2ccccc2)CCN(C)CC1,-1.885
CCC1(CCC(C)C)C(=O)NC(=O)NC1=O,-2.574
CCC1(CC)C(=O)NC(=O)NC1=O,-1.393
OCC1OC(OC2(CO)OC(CO)C(O)C2O)C(O)C(O)C1O,0.7879999999999999
CCCC(C)(COC(N)=O)COC(N)=O,-1.6669999999999998
CC(O)CO,1.119
O=C1CCO1,0.711
C#CC1(O)CCC2C3CCc4cc(O)ccc4C3CCC21C,-4.419
Cc1cc(C)nc(NS(=O)(=O)c2ccc(N)cc2)n1,-2.268
ClC1=C(Cl)C2(Cl)C3C(Cl)C(Cl)CC3C1(Cl)C2(Cl)Cl,-6.864
CC(=O)C1CCC2C3CCC4=CC(=O)CCC4(C)C3CCC12C,-4.553
CCC(=O)OC1CCC2C3CCC4=CC(=O)CCC4(C)C3CCC12C,-5.367000000000001
Cc1c2ccccc2c(C)c2c1ccc1ccccc12,-6.624
Cn1c(=O)c2c(ncn2C)n(C)c1=O,-0.966
Cc1c(N(C)C)c(=O)n(-c2ccccc2)n1C,-0.629
CC12CCC(=O)C=C1CCC1C2CCC2(C)C1CCC2(C)O,-3.95
CC12CCC(=O)C=C1CCC1C2CCC2(C)C(O)CCC12,-4.091
CC1=CC(=O)c2ccccc2C1=O,-3.032
CN1CCN(CCCN2c3ccccc3Sc3ccc(Cl)cc32)CC1,-4.397
OCCN1CCN(CCCN2c3ccccc3Sc3ccc(Cl)cc32)CC1,-4.155
CN(C)CCCN1c2ccccc2Sc2ccccc21,-4.302
Cn1c(=O)c2[nH]cnc2n(C)c1=O,-1.389
OCC1OC(n2cnc3c(O)ncnc32)C(O)C1O,-1.23
O=C(O)CCCCC1SCC2NC(=O)NC21,-3.0460000000000003
ClC1C(Cl)C(Cl)C(Cl)C(Cl)C1Cl,-5.0775000000000015
Oc1c(Cl)cc(Cl)c(Cl)c1Cl,-4.004
NS(=O)(=O)c1cc2c(cc1Cl)NCNS2(=O)=O,-2.615
NS(=O)(=O)c1cc2c(cc1Cl)N=CNS2(=O)=O,-3.0460000000000003
CCN(CC)C(=O)c1cccnc1,0.7490000000000001
O=c1ccc2ccccc2[nH]1,-2.139
Nc1ccc(S(=O)(=O)Nc2cnc3ccccc3n2)cc1,-4.603
CCN(CC)CCOC(=O)c1ccc(N)cc1,-1.398
Cc1ccccc1OCC(O)CO,-1.189
OCC(S)CS,-0.155
CC(=O)Nc1nnc(S(N)(=O)=O)s1,-2.356
O=C(O)c1cccnc1,-0.835
O=NN1CCOCC1,0.935
NC(Cc1ccc(O)c(O)c1)C(=O)O,-1.596
Nc1ccc(N=Nc2ccccc2)cc1,-3.181
CN(C)c1ccc(N=Nc2ccccc2)cc1,-5.9910000000000005
OCCc1ccccc1,-0.741
NC(Cc1ccc(O)cc1)C(=O)O,-2.5780000000000003
CN1CC(=O)NC1=N,-0.15
CCOCC,-0.089
NCCCCCC(=O)O,0.585
CNN,1.337
CC(N)=O,1.581
CNC(=O)CSP(=S)(OC)OC,-0.962
ClC1=C(Cl)C2(Cl)C3C4CC(C5OC45)C3C1(Cl)C2(Cl)Cl,-6.237
Cc1cc(=O)n(-c2ccccc2)n1C,-0.564
O=C(CCc1ccc(O)cc1)c1c(O)cc(O)cc1OC1OC(CO)C(O)C(O)C1O,-2.64
CC(CN1c2ccccc2Sc2ccccc21)N(C)C,-4.26
COc1ccc2c(c1)N(CC(C)CN(C)C)c1ccccc1S2,-4.215
O=C1NCCN1c1ncc([N+](=O)[O-])s1,-3.217
CC(C)CC(N)C(=O)O,-0.785
O=C(O)c1ccc([N+](=O)[O-])cc1,-2.922
CCOc1ccc(NC(C)=O)cc1,-2.369
CCOS(C)(=O)=O,0.402
Nc1ccccc1,-0.413
CC(N)=S,0.336
NC(N)=S,0.271
COP(=O)(OC)OC=C(Cl)Cl,-1.344
CN(C)N=O,1.13
CC12CCC3C(CCC4=CC(=O)CCC43C)C1CCC2=O,-3.695
CNC(=O)Oc1cccc2ccccc12,-3.387
CSCCC(N)C(=O)O,-0.421
Nc1ccc(S(N)(=O)=O)cc1,-1.361
COC(=O)C1=CCCN(C)C1,0.809
CCO,1.337
O=CO,1.337
CC(=O)O,1.221
CCC(C)C(C)(COC(N)=O)COC(N)=O,-2.366
CCOS(=O)(=O)OCC,-1.3430000000000002
CCCCNC(=O)NS(=O)(=O)c1ccc(C)cc1,-3.394
CC12CCC(=O)C=C1CCC1C2CCC2(C)C(C(=O)CO)CCC12,-3.745
NC(=O)c1ccccc1O,-1.823
Nc1ccc(C(=O)O)c(O)c1,-1.957
Cc1c[nH]c(=O)[nH]c1=O,-1.519
O=C(O)c1ccccc1,-1.655
O=C(O)c1cc(O)nc(O)n1,-1.933
O=c1cc[nH]c(=O)[nH]1,-1.493
CCCCCC=O,-1.249
c1cnc2c(c1)ccc1cccnc12,-1.826
CC1CC(C)C(=O)C(C(O)CC2CC(=O)NC(=O)C2)C1,-1.127
CC(C)O,1.221
CC(C)=O,1.236
ClC(Cl)Cl,-1.177
C[S+](C)[O-],1.107
ClC(Cl)(Cl)C(Cl)(Cl)Cl,-4.488
CC(=O)OCC(=O)C1(O)C(OC(C)=O)CC2C3CCC4=CC(=O)C=CC4(C)C3(F)C(O)CC21C,-4.13
O=C(O)CS,1.036
CN(C)C=O,1.136
C#CC1(O)CCC2C3CCC4=CC(=O)CCC4C3CCC21C,-4.627
O=c1[nH]cnc2nc[nH]c12,-2.289
CC(=O)C1(O)CCC2C3CCC4=CC(=O)CCC4(C)C3CCC21C,-4.708
OCCN1CCN(CCCN2c3ccccc3Sc3ccc(C(F)(F)F)cc32)CC1,-4.149
O=C(O)c1ccccc1O,-1.79
Cc1ccc(S(N)(=O)=O)cc1,-1.734
CCC(=O)c1ccc(N)cc1,-2.627
NC(Cc1cnc[nH]1)C(=O)O,-0.532
CCCO,1.221
CCCCO,-0.069
CCCCCO,-0.603
c1ccccc1,-1.64
CC(Cl)(Cl)Cl,-1.952
Nc1ccc(S(=O)(=O)Nc2nccs2)cc1,-2.425
CC(O)C(N)C(=O)O,-0.089
COc1ccc(C(c2ccc(OC)cc2)C(Cl)(Cl)Cl)cc1,-6.539
O=C1c2ccccc2C(=O)c2c1ccc(O)c2O,-2.779
Clc1ccc(C(c2ccc(Cl)cc2)C(Cl)Cl)cc1,-6.551
ClC(Cl)=C(c1ccc(Cl)cc1)c1ccc(Cl)cc1,-6.9
NC(Cc1c[nH]c2ccccc12)C(=O)O,-1.183
CCC(C)C(N)C(=O)O,-0.581
NS(=O)(=O)c1cc2c(cc1C(F)(F)F)NC(Cc1ccccc1)NS2(=O)=O,-3.591
CCC1NC(=O)c2cc(S(N)(=O)=O)c(Cl)cc2N1,-3.286
O=C(O)c1ccc(Cl)cc1,-3.337
N=C(N)NCCCC(N)C(=O)O,0.019
BrCBr,-1.165
CCBr,-1.086
ClCBr,-0.889
CCCl,-1.055
C=CCl,-1.36
C=CF,-0.276
CCI,-1.601
CCN,1.346
CC#N,1.3869999999999998
CC=O,1.356
CCS,-0.6
ClCCl,-0.815
ICI,-2.334
NC=O,1.346
S=C=S,-1.81
CSC,-0.994
C1CO1,1.356
BrC(Br)Br,-1.808
CC(C)Br,-1.631
ClC(Cl)Br,-1.733
CC(C)C,-3.076
CC(C)Cl,-1.404
CC(C)I,-2.084
CC(C)N,1.228
CC(Cl)Cl,-1.291
C=C(Cl)Cl,-1.634
CC(F)F,-1.315
C=C(F)F,-0.706
FC(Cl)Cl,-0.738
FC(F)Cl,-1.494
FC(F)F,-1.233
CN(C)C,1.178
C[N+](=O)[O-],0.26
CC1CO1,1.007
FC(F)(F)Br,-2.668
CC(C)(C)N,1.136
CC(C)(C)O,1.13
FC(Cl)(Cl)Cl,-2.096
FC(F)(Cl)Cl,-2.635
FC(F)(F)Cl,-3.065
CCC(C)(C)C,-3.671
CC(C)(C)CO,-0.401
CCC(C)(C)O,0.096
O=CC(Cl)(Cl)Cl,-0.691
OCC(F)(F)F,1.0
CC(=O)C(C)(C)C,-0.722
CC(C)(C)C(=O)O,-0.6729999999999999
CC(Cl)(Cl)C(=O)O,0.545
CC(O)C(Cl)(Cl)Cl,-0.757
ClC(Cl)C(Cl)(Cl)Cl,-2.625
O=C(O)C(Cl)(Cl)Cl,0.519
O=[N+]([O-])C(Cl)(Cl)Cl,-2.006
FC(Cl)(Cl)C(F)(Cl)Cl,-3.189
FC(F)(Cl)C(F)(Cl)Cl,-3.042
FC(F)(Cl)C(F)(F)Cl,-3.119
FC(F)(F)C(F)(F)Cl,-3.411
FC(F)(F)C(F)(F)C(F)(F)F,-4.518
CCC(C)(S(=O)(=O)CC)S(=O)(=O)CC,-1.685
CC1(C)OC2CC3C4CCC5=CC(=O)C=CC5(C)C4(F)C(O)CC3(C)C2(C(=O)CO)O1,-4.316
ClC1=C(Cl)C2(Cl)C3C(Cl)C=CC3C1(Cl)C2(Cl)Cl,-6.317
COc1ccc2c3c1OC1C(O)C=CC4C(C2)N(C)CCC341,-1.5219999999999998
CCCC(C)C1(CC)C(=O)N=C(O)NC1=O,-2.523
CCC1(C(C)C)C(=O)NC(=O)NC1=O,-2.214
O=C(O)C(O)(c1ccccc1)c1ccccc1,-2.209
C=CCC1(C(C)C)C(=O)NC(=O)NC1=O,-1.712
C=C1CC23CC1(O)CCC2C12C=CC(O)C(C)(C(=O)O1)C2C3C(=O)O,-1.841
O=C1OC(c2ccc(O)cc2)(c2ccc(O)cc2)c2ccccc21,-2.901
CCC1(c2ccccc2)CCC(=O)NC1=O,-2.337
C=CCC1(C(C)CCC)C(=O)NC(=S)NC1=O,-3.458
CCCCC1(CC)C(=O)NC(=O)NC1=O,-1.638
NS(=O)(=O)c1cc(C2(O)NC(=O)c3ccccc32)ccc1Cl,-3.451
ClC1=C(Cl)C(Cl)(Cl)C(Cl)=C1Cl,-5.181
CCC(Br)(CC)C(=O)NC(N)=O,-2.676
CCC(C)(O)CC,-0.38
C#CC(C)(O)CC,0.115
COS(=O)(=O)OC,-0.654
O=C(O)CC(O)(CC(=O)O)C(=O)O,0.489
CCOC(=O)CC(O)(CC(=O)OCC)C(=O)OCC,-0.603
CCC(C)(CC)OC(N)=O,-1.56
CCOP(=O)(OCC)OCC,0.439
CCCC(C)(COC(N)=O)COC(=O)NC(C)C,-2.938
CCCCSP(=O)(SCCCC)SCCCC,-5.634
CC1=CC(=O)CC(C)(C)C1,-1.061
C=CC(C)(O)CCC=C(C)C,-1.987
CC(Br)CBr,-2.141
CC(C)CBr,-2.432
CCC(C)C,-3.1630000000000003
C=CC(=C)C,-2.0340000000000003
CC(C)CN,1.136
CC(C)CO,0.059
CC(C)C=O,0.091
C=C(C)C=O,-0.039
CCC(C)Cl,-1.966
CC(Cl)CCl,-1.606
C=C(Cl)CCl,-1.713
CCC(C)O,0.3879999999999999
CCC(C)=O,0.49
ClCC(Cl)Cl,-1.48
ClC=C(Cl)Cl,-2.077
C=CC(N)=O,0.954
NC(=O)CCl,-0.017
CCC(=O)O,1.13
O=C(O)CCl,0.928
CNC(C)=O,1.136
COC(C)=O,0.516
CC[N+](=O)[O-],-0.203
BrC(Br)C(Br)Br,-2.732
CC(C)C(C)C,-3.583
CC(C)C(=O)O,0.278
ClC(Cl)C(Cl)Cl,-1.754
C=C(C)C(=O)O,0.0139999999999999
O=C(O)C(Cl)Cl,0.89
CC(C)[N+](=O)[O-],-0.615
Nc1ccc(S(=O)(=O)c2ccc(NCCO)cc2)cc1,-2.597
CC(C)(c1ccc(O)cc1)c1ccc(O)cc1,-3.279
Nc1ccc(S(=O)(=O)c2ccc(N)cc2)cc1,-2.815
COc1ccc(NS(=O)(=O)c2ccc(N)cc2)nn1,-3.28
CCC(C)(C)c1ccc(O)cc1,-2.99
CC1(O)CCC(C(C)(C)O)CC1,-1.634
C=C(C)C(=O)OC,-0.8240000000000001
CN1C(=O)CCS(=O)(=O)C1c1ccc(Cl)cc1,-2.039
O=C1NS(=O)(=O)c2ccccc21,-1.661
CC(CCC(=O)O)C1CCC2C3C(O)CC4CC(O)CCC4(C)C3CC(O)C12C,-3.3680000000000003
CC(=O)CC(c1ccccc1)c1c(O)c2ccccc2oc1=O,-4.259
O=C(O)c1ccccc1C(c1ccc(O)cc1)c1ccc(O)cc1,-3.263
O=[N+]([O-])c1c(Cl)c(Cl)c(Cl)c(Cl)c1Cl,-5.817
O=[N+]([O-])c1cc([N+](=O)[O-])c(O)c([N+](=O)[O-])c1O,-1.662
CN1CCN(C(c2ccccc2)c2ccccc2)CC1,-2.426
CC(C)(C)C(=O)C1C(=O)c2ccccc2C1=O,-4.107
c1cc2c3c(cccc3c1)CC2,-4.597
Cc1c[nH]c2ccccc12,-2.421
CC1CC2C(C(O)CC3(C)C2CCC3(O)C(=O)CO)C2(C)C=CC(=O)C=C12,-3.494
CC(CCC(=O)O)C1CCC2C3CCC4CC(O)CCC4(C)C3CC(O)C12C,-3.954
Oc1cccc2c(O)cccc12,-2.987
Cn1cnc2c1c(=O)[nH]c(=O)n2C,-2.737
c1ccc(-c2ccccc2-c2ccccc2)cc1,-5.269
CCC(c1ccc(O)cc1)C(CC)c1ccc(O)cc1,-4.353
O=C1c2ccccc2C(=O)c2ccccc21,-5.188
CCOC(=O)c1ccccc1C(=O)OCC,-2.313
CC(C)COC(=O)c1ccccc1C(=O)OCC(C)C,-4.652
CCCCOC(=O)c1ccccc1C(=O)OCCCC,-4.395
COc1c2c(cc3oc(=O)ccc13)OC(C)(C)C=C2,-3.81
c1ccc2c(c1)ccc1ccccc12,-5.19
c1ccc2c(c1)ccc1ncccc12,-3.357
O=C(O)Cc1c(Cl)ccc(Cl)c1Cl,-3.0780000000000003
O=C(O)c1cccc([N+](=O)[O-])c1O,-2.149
O=C1NC(=O)c2ccccc21,-2.611
O=C1OC(=O)c2ccccc21,-1.378
CCCCOC(=O)c1ccccc1C(=O)OCc1ccccc1,-5.065
Cc1cccc(NC(=O)c2ccccc2C(=O)O)c1,-2.407
Nc1ccc2ccccc2c1N=Nc1ccccc1,-5.916
O=NN(c1ccccc1)c1ccccc1,-3.753
COP(=S)(OC)SCn1nnc2ccccc2c1=O,-4.181
O=[N+]([O-])c1cccc2ccccc12,-4.276
c1ccc2c(c1)Cc1ccccc1-2,-4.944
c1ccc2c(c1)[nH]c1ccccc12,-4.968
O=C(O)Cc1cccc2ccccc12,-2.647
NC(=S)Nc1cccc2ccccc12,-2.528
CN1C2CCC1CC(OC(=O)C(O)c1ccccc1)C2,-1.44
O=C(Nc1ccccc1)c1ccccc1O,-3.589
CC(C)CCOC(=O)c1ccccc1O,-3.157
O=[N+]([O-])OC1COC2C(O[N+](=O)[O-])COC12,-2.633
COc1c(Cl)cc(Cl)cc1Cl,-4.325
O=C(O)Cc1c[nH]c2ccccc12,-2.067
Clc1cccc(Cl)c1Cl,-4.003
Oc1c(Cl)cccc1Cl,-1.933
Oc1cccc(O)c1O,0.604
ClC(Cl)=C(Cl)C(Cl)=C(Cl)Cl,-4.9110000000000005
O=C(CO)C(O)C(O)C(O)CO,0.301
Cc1c(C)c(C)c(C)c(C)c1C,-5.839
Oc1c(Cl)c(Cl)c(Cl)c(Cl)c1Cl,-4.279
OC1C(O)C(O)C(O)C(O)C1O,-0.1
OCC(O)C(O)C(O)CO,0.625
Cc1cc(O)cc(C)c1Cl,-2.797
Oc1c(Cl)cc(Cl)cc1Cl,-2.392
CCC(CC)C(=O)O,-0.81
O=C(O)c1ccsc1,-1.474
O=C(O)c1ccco1,-0.48
Cc1ccccc1S(N)(=O)=O,-2.024
O=C(O)c1ccccc1I,-2.7310000000000003
Cc1ccccc1[N+](=O)[O-],-2.324
O=[N+]([O-])c1ccccc1Cl,-2.8960000000000004
Nc1ccccc1[N+](=O)[O-],-1.973
O=[N+]([O-])c1ccccc1O,-1.745
CCC(C)c1cc([N+](=O)[O-])cc([N+](=O)[O-])c1O,-3.665
O=[N+]([O-])c1cc([N+](=O)[O-])c(Cl)c([N+](=O)[O-])c1,-2.669
O=[N+]([O-])c1cc([N+](=O)[O-])c(O)c([N+](=O)[O-])c1,-1.256
O=C(O)c1ccccc1C(=O)O,-1.375
O=C(O)c1cccnc1C(=O)O,-1.182
O=C(O)c1cc(C(=O)O)c(C(=O)O)cc1C(=O)O,-1.259
O=[N+]([O-])c1cc(Cl)ccc1Cl,-4.137
O=[N+]([O-])c1cc(Cl)c(Cl)cc1Cl,-3.887
CC1CCC(C(C)C)C(O)C1,-2.535
Cc1ccc(C(C)C)c(O)c1,-2.222
CCc1ccccc1O,-1.359
OCc1ccccc1O,-0.295
COc1ccccc1O,-0.8220000000000001
Brc1cccc2ccccc12,-4.347
Cc1cccc2ccccc12,-3.741
Clc1cccc2ccccc12,-3.971
Oc1cccc2ccccc12,-2.221
c1ccc(Nc2cccc3ccccc23)cc1,-3.563
C1CCN2CC3CC(CN4CCCCC34)C2C1,-1.887
Oc1ccccc1-c1ccccc1,-2.386
O=C(O)C(O)c1ccccc1,0.075
OC(c1ccccc1)c1ccccc1,-2.549
COc1cccc(OC)c1O,-0.952
C1CCC2CCCCC2C1,-5.192
c1cnc2ncncc2n1,0.034
c1ccc2ccccc2c1,-3.616
c1ccc2ncccc2c1,-1.325
COc1ccccc1[N+](=O)[O-],-1.957
Cc1ccc2ccccc2c1,-3.762
Clc1ccc2ccccc2c1,-4.143
O=c1ccc2ccccc2o1,-1.886
CCN(CC)c1ccccc1,-3.028
Nc1nc(N)nc(-c2ccccc2)n1,-2.494
Nc1ccc(-c2ccc(N)c(Cl)c2)cc1Cl,-4.912
c1ccc(-c2cccc(-c3ccccc3)c2)cc1,-5.183
c1ccc2cc3cc4ccccc4cc3cc2c1,-8.18
Oc1cc2ccccc2cc1O,-2.738
c1ccc(-c2ccccc2)cc1,-4.347
Brc1ccc(-c2ccccc2)cc1,-5.553
Oc1ccc(-c2ccccc2)cc1,-3.4810000000000003
c1ccc2c(c1)Nc1ccccc1S2,-5.098
Nc1ccc(-c2ccc(N)cc2)cc1,-2.758
c1ccc(-c2ccc(-c3ccccc3)cc2)cc1,-7.107
O=C(O)c1ccc2ccccc2c1,-3.564
COc1ccccc1OCC(O)CO,-0.598
Cc1ccc2ccc(C)nc2c1,-1.944
CCC(=O)c1ccccc1,-1.827
COC(=O)c1ccccc1,-1.812
COC(=O)c1cccnc1,-0.46
Cc1cc(Cl)ccc1OC(C)C(=O)O,-2.539
C=CCN(CC=C)C(=O)CCl,-0.945
CC(Oc1cc(Cl)c(Cl)cc1Cl)C(=O)O,-3.579
O=C(O)COc1cc(Cl)c(Cl)cc1Cl,-2.963
CCOC(=O)c1ccccc1,-2.319
CCOC(=O)c1ccc(N)cc1,-2.101
CCCOC(=O)c1ccc(N)cc1,-2.3280000000000003
CCCOC(=O)c1ccc(O)cc1,-2.557
CC(C)COC(=O)c1ccc(N)cc1,-2.944
CCc1nnc(NS(=O)(=O)c2ccc(N)cc2)s1,-1.942
CCCNC(=O)NS(=O)(=O)c1ccc(Cl)cc1,-3.03
CCOc1ccc(C(=O)OCCN(CC)CC)cc1,-2.715
CCCCOC(=O)c1ccc(N)cc1,-2.755
CCCCOC(=O)c1ccc(O)cc1,-2.972
O=C(OOC(=O)c1ccccc1)c1ccccc1,-4.425
O=C(C=CC=Cc1ccc2c(c1)OCO2)N1CCCCC1,-3.853
Cc1cc(Cl)ccc1OCC(=O)O,-2.503
O=C(O)COc1ccc(Cl)cc1Cl,-2.514
Cc1cc(Cl)ccc1OCCCC(=O)O,-3.678
O=C(O)CCCOc1ccc(Cl)cc1Cl,-3.672
CCCC(O)C(CC)CO,-1.3869999999999998
C=C(Cl)CSC(=S)N(CC)CC,-3.35
c1ccc2[nH]nnc2c1,-0.779
c1ccc2sccc2c1,-3.014
c1ccc2scnc2c1,-1.497
Cc1ccccc1C,-2.776
Cc1ccccc1O,-0.621
Cc1ccccc1Cl,-2.53
Clc1ccccc1Cl,-2.974
Nc1ccccc1Cl,-1.194
Cc1ccccc1N,-0.81
Nc1ccccc1N,-0.428
Nc1ccccc1O,-0.737
Oc1ccccc1Cl,-1.056
Cc1ccc(C)c(C)c1,-3.324
Cc1ccc(O)cc1C,-1.409
Cc1ccc(Cl)c(Cl)c1,-3.792
Nc1ccc(Cl)c(Cl)c1,-3.2460000000000004
Cc1ccc(C)c(O)c1,-1.538
Cc1cc(C)c(C)cc1C,-4.586
Clc1cc(Cl)c(Cl)cc1Cl,-5.56
Oc1cc(Cl)c(Cl)cc1Cl,-2.216
c1ccc(C2CO2)cc1,-1.6030000000000002
ClCC(Br)CBr,-2.374
CCC(C)CC,-3.683
CCC(=O)CC,-0.253
OC(CCl)CCl,-0.115
C=CC(=O)OC,-0.241
CC1CCCC1,-3.302
S=C1NCCN1,-0.708
CC1CCCO1,0.31
O=C1CCCO1,1.065
CC(OP(C)(=O)F)C(C)(C)C,-0.938
Nc1cc([N+](=O)[O-])cc([N+](=O)[O-])c1O,-2.153
Oc1ccc(Cl)cc1Cc1cc(Cl)ccc1O,-3.953
COC1OC(CO)C(O)C(O)C1O,0.299
C=CCc1ccc(O)c(OC)c1,-1.5619999999999998
C=C(C)C(=O)OCC,-1.325
C=C(CC(=O)O)C(=O)O,-0.2289999999999999
CCN(CC)C(=S)SSC(=S)N(CC)CC,-4.86
CC(C)COC(=O)C(C)C,-2.403
C=C(C)C(=O)OCC(C)C,-2.039
C=C(C)C(=O)OCCCC,-2.25
CCC(CC)CO,-1.4069999999999998
OCc1ccco1,1.008
O=Cc1ccco1,-0.096
CC(C)(C)c1ccccc1,-3.658
ClC(Cl)(Cl)c1ccccc1,-3.567
FC(F)(F)c1ccccc1,-2.511
NS(=O)(=O)c1ccccc1,-1.5630000000000002
CC(C)(C)c1ccc(O)c(O)c1,-1.92
CC(C)(C)c1ccc(O)cc1,-2.4130000000000003
CC1=CCC(C(C)(C)O)CC1,-1.889
CC(C)(C)c1ccc(C(=O)O)cc1,-3.804
O=C1CCC(C(=O)O)N1,0.5670000000000001
CC(C)c1ccccc1,-3.292
C=C(C)c1ccccc1,-3.008
CC(N)c1ccccc1,-0.46
CC(=O)c1ccccc1,-1.2919999999999998
ClC(Cl)c1ccccc1,-2.809
O=C(O)C1CCCCC1,-1.445
NC(=O)c1cccnc1,0.612
O=[N+]([O-])c1ccccc1,-1.77
NC(=O)c1cnccn1,-0.914
Cc1cccc(C(=O)O)c1,-2.143
Nc1cccc(C(=O)O)c1,-1.366
O=C(O)c1cccc(O)c1,-1.28
Cc1cccc([N+](=O)[O-])c1,-2.438
Nc1cccc([N+](=O)[O-])c1,-2.061
O=C(O)CC(CC(=O)O)C(=O)O,0.275
COC(=O)c1cc(O)c(O)c(O)c1,-1.24
Nc1c(Cl)cc([N+](=O)[O-])cc1Cl,-4.471
O=C(O)c1cc([N+](=O)[O-])cc([N+](=O)[O-])c1,-2.196
O=[N+]([O-])c1cc([N+](=O)[O-])cc([N+](=O)[O-])c1,-2.885
C=C(C)C1CC=C(C)C(=O)C1,-2.063
O=C(O)c1ccc(O)c(O)c1,-0.928
O=[N+]([O-])c1ccc(Cl)c(Cl)c1,-3.201
O=Cc1cccc([N+](=O)[O-])c1,-1.967
O=[N+]([O-])c1cccc([N+](=O)[O-])c1,-2.499
CCCC(CCC)C(=O)O,-1.858
CCC(C)c1ccc(O)cc1,-2.194
COC(=O)c1ccc(O)cc1,-1.784
Cc1ccc(C(C)C)cc1,-3.759
CC(=O)c1ccc(N)cc1,-1.606
CC(=O)c1ccc(O)cc1,-1.138
Cc1ccc(C(=O)O)cc1,-2.603
O=C(O)c1ccc(O)cc1,-1.4409999999999998
Cc1ccc(N(C)C)cc1,-2.318
Cc1ccc([N+](=O)[O-])cc1,-2.492
O=[N+]([O-])c1ccc(Cl)cc1,-2.845
Nc1ccc([N+](=O)[O-])cc1,-2.278
O=[N+]([O-])c1ccc(O)cc1,-1.079
COc1ccc(C(=O)O)cc1,-2.458
COc1ccc([N+](=O)[O-])cc1,-2.414
O=[N+]([O-])c1ccc([N+](=O)[O-])cc1,-3.387
O=C(O)c1ccc(C(=O)O)nc1,-2.13
C=CC1CC=CCC1,-3.335
CCc1ccccc1,-2.798
C=Cc1ccccc1,-2.526
ClCc1ccccc1,-2.382
NCc1ccccc1,0.97
N#Cc1ccccc1,-1.712
OCc1ccccc1,-0.432
O=Cc1ccccc1,-1.208
OCc1cccnc1,0.962
CNc1ccccc1,-1.28
NNc1ccccc1,0.07
ONc1ccccc1,-0.737
COc1ccccc1,-2.017
CSc1ccccc1,-2.39
CCc1ccccn1,0.501
O=NN1CCCCC1,-0.174
C=Cc1cccc(C)c1,-3.123
O=Cc1cccc(O)c1,-0.647
Clc1nc(Cl)nc(Nc2ccccc2Cl)n1,-4.537
CC(C)OC(=O)Nc1cccc(Cl)c1,-3.38
O=C(Nc1cccc(Cl)c1)OCC#CCCl,-4.37
CN(C)C(=O)Nc1ccccc1,-1.61
Nc1ccc(Cc2ccc(N)cc2)cc1,-2.297
c1ccc(Cc2ccccc2)cc1,-4.077
c1ccc(Oc2ccccc2)cc1,-3.976
CCCN(CCC)CCC,-2.282
CC(=O)OCC(COC(C)=O)OC(C)=O,-0.575
CCCCN(CCCC)CCCC,-3.116
c1ccc(CCc2ccccc2)cc1,-4.627
C(=Cc1ccccc1)c1ccccc1,-5.792999999999999
c1ccc(N=Nc2ccccc2)cc1,-4.454
CCOC(=O)C=Cc1ccccc1,-2.9960000000000004
c1ccc(COCc2ccccc2)cc1,-3.695
CCCc1ccccc1,-3.362
O=CNc1ccccc1,-0.6779999999999999
CCOc1ccccc1,-2.332
O=C(O)Cc1ccccc1,-0.914
CC(=O)Nc1ccccc1,-1.29
NC(=S)Nc1ccccc1,-1.79
CC(=O)Nc1ccc(O)cc1,-1.033
CCOCCOC(=O)C=Cc1ccc(OC)cc1,-2.699
OCC(O)COc1ccc(Cl)cc1,-1.307
CC=Cc1ccc(OC)cc1,-3.1260000000000003
CCCCc1ccccc1,-4.056
O=CC=Cc1ccccc1,-1.969
CCCCC(CC)CN,-1.713
CCCCC(CC)CO,-2.27
Cc1ccc(C=O)cc1,-1.724
O=C(O)C=Cc1c[nH]cn1,-1.964
CCc1ccc(CC)cc1,-3.733
CCCC(C)CO,-1.231
CCOC(=O)CC,-0.726
CCOC(=O)NC,0.826
COC(=O)CC(C)=O,0.634
CCC(C)OC(C)=O,-1.273
CCOC(=O)CC(=O)OCC,-0.8390000000000001
CCCC(=O)OCC,-1.275
CCOC(=O)CC#N,-0.753
CCOC(C)OCC,-0.429
CCOC(=O)OCC,-0.7979999999999999
O=C1CCCCCN1,0.8340000000000001
CCCOC(=O)CCC,-1.905
Cc1ccc(O)c(C)c1,-1.1909999999999998
CCCCCCC(=O)OCC,-2.737
CCCCCCCC(=O)OCC,-3.391
CCCCC(=O)CC,-0.902
CCCOC(=O)CC,-1.34
Brc1ccc(Br)cc1,-4.072
Cc1ccc(Br)cc1,-3.192
Clc1ccc(Br)cc1,-3.63
Oc1ccc(Br)cc1,-1.092
Cc1ccc(C)cc1,-2.8160000000000003
Cc1ccc(Cl)cc1,-3.077
Cc1ccc(O)cc1,-0.7020000000000001
Clc1ccc(Cl)cc1,-3.257
Nc1ccc(Cl)cc1,-1.515
Oc1ccc(Cl)cc1,-0.7290000000000001
Cc1ccc(N)cc1,-1.217
Nc1ccc(N)cc1,-0.466
O=C1C=CC(=O)C=C1,-0.989
C=CC(=O)OCC(C)C,-1.853
CCCCCC(=O)OC,-1.991
CCC1CO1,-0.086
ClCC1CO1,-0.147
C=CCOCC1CO1,0.092
BrCCBr,-1.656
CCCBr,-1.7009999999999998
C=CCBr,-1.5
CCCC,-2.978
C=CCC,-2.405
C=CC=C,-1.867
C#CCC,-1.275
C=CC=O,0.578
ClCCBr,-1.318
C=CCCl,-1.884
ClCCCl,-1.065
OCCCl,1.094
CCCI,-2.201
CCCN,1.228
C=CCN,1.243
CCC#N,0.272
C=CC#N,0.147
C=CCO,1.236
C#CCO,1.251
OCCO,1.207
COC=O,0.7040000000000001
NCCS(=O)(=O)O,-0.191
NC(=O)OCC(Cl)(Cl)Cl,-1.284
CC(C)CCBr,-2.887
CCCC(C)C,-3.74
CCCC(C)=O,-0.302
N#CCC(N)=O,0.1889999999999999
CCCC(=O)O,1.055
NCCC(=O)O,0.787
CNCC(=O)O,0.527
CCC[N+](=O)[O-],-0.774
C=COC(C)=O,-0.634
CC(C)CC(C)C,-4.261
CC(=O)CC(C)C,-0.722
CC(C)CC(C)O,-0.795
CC(C)NC(C)C,0.036
CC(C)OC(C)C,-1.7080000000000002
CC(=O)OC(C)C,-0.519
CC(=O)OC(C)=O,0.07
C=C1C=CC(=O)O1,-0.983
CC1COC(=O)O1,0.2339999999999999
Brc1cccc(Br)c1,-3.543
Clc1cccc(Br)c1,-3.21
Cc1cccc(C)c1,-2.819
Cc1cccc(O)c1,-0.6779999999999999
Nc1cccc(Cl)c1,-1.3730000000000002
Oc1cccc(Cl)c1,-0.6940000000000001
Cc1cccc(N)c1,-0.8540000000000001
Nc1cccc(N)c1,0.3429999999999999
Oc1cccc(O)c1,0.8140000000000001
Cc1ccnc(C)c1,0.514
Cc1cccc(C)n1,0.447
CC(CCl)OC(C)CCl,-2.003
CCOC(=O)CC(C)C,-1.652
COCC(C)OC(C)=O,0.176
Cc1cc(C)cc(C)c1,-3.397
Cc1cc(C)cc(O)c1,-1.399
Clc1cc(Cl)cc(Cl)c1,-4.48
Oc1cc(O)cc(O)c1,-1.075
Cc1cc(C)nc(C)c1,-0.539
CC(C)CC(O)CC(C)C,-2.1590000000000003
CC(C)CC(=O)CC(C)C,-1.731
CC(=O)OC(C)CC(C)C,-2.045
BrC1CCCCC1,-2.294
Brc1ccccc1,-2.547
CC1CCCCC1,-3.788
Cc1ccccc1,-2.2430000000000003
Cc1ccncc1,1.031
Clc1ccccc1,-2.354
NC1CCCCC1,1.004
OC1CCCCC1,-0.377
O=C1CCCCC1,-0.594
Oc1ccccc1,-0.0559999999999999
Sc1ccccc1,-2.12
Cc1cccnc1,1.031
Oc1cccnc1,-0.456
CN1CCOCC1,0.995
Brc1ccccn1,-0.8809999999999999
Cc1ccccn1,1.031
CC1CNCCN1,0.638
Cc1cnccn1,1.026
Clc1ccccn1,-0.754
C=C(C)C(=O)OCCOCCOCCOC(=O)C(=C)C,-1.901
CCCCOC(=O)CCC,-2.46
CCCCC(=O)O,-0.416
C=CCNC(N)=S,-0.294
CC(C)OCCO,0.982
CCCOC(C)=O,-0.733
BrCCCBr,-2.075
CCCCBr,-2.198
CCCCC,-3.278
C=CCCC,-2.676
CC=CCC,-2.538
CCCCCl,-1.925
ClCCCBr,-1.847
CCCCN,1.136
CCCC#N,-0.321
N#CCC#N,0.304
CCCCS,-2.1790000000000003
COCCO,1.119
COCOC,0.506
CCNCC,1.136
C=COCC,-0.858
C=COC=C,-1.261
CCOC=O,0.076
c1cc[nH]c1,-0.173
C1CCOC1,1.142
c1ccoc1,-0.833
c1ccsc1,-1.446
CC(C)(C)OOC(C)(C)C,-3.165
CC(=O)CCC(C)C,-1.325
O=C(O)CCC(=O)O,-0.152
CC(=O)OCC(C)C,-1.266
CCCCCCCCCC(=O)OCC,-4.1
CCOC(=O)CCCCCCCCC(=O)OCC,-3.51
CCCCCCCCCC(=O)OC,-4.627
CCCCCC(C)=O,-1.4240000000000002
CC=CC=CC(=O)O,-1.652
CC(C)CCOC=O,-1.547
CCCCCBr,-3.075
CCCCCC,-3.958
CCCCCN,1.06
N#CCCC#N,0.204
CCCCC=O,-0.867
COCCOC,1.045
CCCOC=O,-0.603
CCOCCO,1.045
C1CCCCC1,-3.185
C1=CCCCC1,-2.5860000000000003
C1CNCCN1,1.065
c1ccncc1,1.102
C1OCOCO1,0.288
C1CCNCC1,1.07
C1COCCN1,1.06
O=C(O)CCCC(=O)O,1.083
CC(O)CNCC(C)O,0.815
CCCCCCCC(=O)OC,-3.39
CCCCCCC(C)=O,-2.154
CCCCCCC(=O)O,-1.664
CCOCCOC(C)=O,0.272
O=C(O)CCCCCC(=O)O,-0.506
O=C(O)CCSCCC(=O)O,-0.68
O=C(O)CCCCCCCCC(=O)O,-2.306
CCCCCCBr,-3.808
CCCCCCN,-0.926
CCCCCCO,-1.239
C=COCCCC,-1.524
OCCNCCO,0.978
CCCOCCC,-1.319
ClCCOCCCl,-0.92
CC(=O)OCCOC(C)=O,0.086
CCCCCCCC,-5.238
C=CCCCCCC,-4.437
N#CCCCCC#N,-0.131
CCCCCCCO,-1.842
CCCCCCC=O,-1.961
CCCCOCCO,0.927
CCCCCCCCBr,-5.063
CCCCCCCCC,-5.766
CCCCCCCCO,-2.382
CCOCCOCCO,0.872
CCCCNCCCC,-1.439
COCCOCCOC,0.872
CCCCCCCCC(=O)O,-2.7460000000000004
NCCNCCNCCN,0.835
CCCCCCOCCO,-1.169
ClCCOCCOCCCl,-0.996
CCCCCCCCCCO,-3.631
CCOCCOCCOCC,0.79
CCCCCCCCCCC(=O)O,-3.553
C=CCCCCCCCCC(=O)O,-3.398
CCCCCCCCCCCC,-6.41
CCCCOCCOCCCC,-1.94
CCCCCCCCCCCCO,-4.668
NCCNCCNCCNCCN,0.723
CCCCCCCCCCCCCCO,-5.854
CCCCOCCOCCOCCCC,-1.862
CCCCCCCCCCCCCCCCCCO,-8.391
CNC(=O)Oc1ccccc1OC(C)C,-2.051
COC,0.884
C=C(C)C,-2.329
C#CC(C)(C)O,1.075
OCC(Cl)(Cl)Cl,-0.254
CCS(=O)(=O)C(C)(C)S(=O)(=O)CC,-1.927
FC1(F)C(F)(F)C(F)(F)C1(F)F,-3.638
OC(c1ccc(Cl)cc1)(c1ccc(Cl)cc1)C(Cl)(Cl)Cl,-5.448
C=CCC1(c2ccccc2)C(=O)NC(=O)NC1=O,-2.152
OCC(CO)(CO)CO,-0.275
O=P(Oc1ccccc1)(Oc1ccccc1)Oc1ccccc1,-5.235
COP(=O)(Oc1ccccc1)Oc1ccccc1,-2.121
CCOP(=S)(OCC)Oc1ccc([S+](C)[O-])cc1,-2.188
CCNC(=O)CSP(=S)(OC)OC,-1.457
CNC(=O)ON=CC(C)(C)SC,-1.499
O=[N+]([O-])c1c(Cl)c(Cl)cc(Cl)c1Cl,-5.096
O=C(O)C(c1ccccc1)c1ccccc1,-3.2230000000000003
O=C1C(Cl)=C(Cl)C(=O)c2ccccc21,-4.382
CCCCC(CC)COC(=O)c1ccccc1C(=O)OCC(CC)CCCC,-6.968
CN1CCN(CCCN2c3ccccc3Sc3ccc(C(F)(F)F)cc32)CC1,-4.524
O=C(Oc1ccccc1)c1ccccc1O,-3.155
Cc1occc(=O)c1O,-1.063
Clc1c(Cl)c(Cl)c(Cl)c(Cl)c1Cl,-7.662000000000001
Oc1c(Br)cc(Br)cc1Br,-3.674
Cc1ccccc1C(=O)O,-2.062
O=C(O)c1ccccc1Cl,-1.875
Nc1ccccc1C(=O)O,-1.5930000000000002
Cc1c([N+](=O)[O-])cc([N+](=O)[O-])cc1[N+](=O)[O-],-3.242
COc1ccc([N+](=O)[O-])cc1[N+](=O)[O-],-3.107
Cc1ccc(O)c([N+](=O)[O-])c1,-2.384
COC(=O)c1ccccc1O,-1.3130000000000002
O=C(c1ccccc1)C(O)c1ccccc1,-2.85
O=C(c1ccccc1)c1ccccc1,-3.124
c1ccc2c(c1)CCCC2,-3.452
c1ccc2cnccc2c1,-1.456
CNc1ccccc1C(=O)O,-2.878
COc1cc(-c2ccc(N)c(OC)c2)ccc1N,-3.61
c1ccc2nc(-c3ccc4ccccc4n3)ccc2c1,-5.4
OCCN(CCO)c1ccccc1,-0.735
c1ccc2cc3ccccc3cc2c1,-6.614
Oc1ccc(Cl)cc1Cc1ccccc1,-3.167
CC(Oc1ccc(Cl)cc1Cl)C(=O)O,-2.827
CCOC(=O)c1ccc(O)cc1,-2.309
O=Cc1ccc2c(c1)OCO2,-1.632
c1ccc2[nH]ccc2c1,-1.517
Oc1ccccc1O,0.622
Clc1ccc(Cl)c(Cl)c1,-3.569
Oc1ccc(Cl)cc1Cl,-1.5590000000000002
Cc1ccc([N+](=O)[O-])cc1[N+](=O)[O-],-2.829
COc1cc(C=O)ccc1O,-1.141
COc1cc(C(=O)O)ccc1O,-2.05
CCN(CC)CC,-0.138
CC(=O)Nc1ccc(S(N)(=O)=O)cc1,-1.607
CN(C)c1ccccc1,-1.922
O=[N+]([O-])c1cccc(Cl)c1,-2.761
CCOC(=O)CC(SP(=S)(OC)OC)C(=O)OCC,-3.364
CCCOC(=O)c1cc(O)c(O)c(O)c1,-1.783
O=[N+]([O-])N1CN([N+](=O)[O-])CN([N+](=O)[O-])C1,-3.571
O=C(O)c1cccc(C(=O)O)c1,-3.22
O=C(O)c1cccc([N+](=O)[O-])c1,-1.669
COC(=O)c1ccc(OC)cc1,-2.412
COc1cc(NS(=O)(=O)c2ccc(N)cc2)nc(OC)n1,-2.957
COP(=S)(OC)Oc1ccc([N+](=O)[O-])c(C)c1,-3.863
CN(C)C(=O)OC1=CC(=O)CC(C)(C)C1,-0.848
CCNc1nc(Cl)nc(NCC)n1,-4.549
c1ccc(Nc2ccccc2)cc1,-3.504
CC(C)OC(=O)Nc1ccccc1,-3.0010000000000003
O=C(O)COc1ccccc1,-1.103
c1ccc(OCC2CO2)cc1,-1.796
O=C(O)COc1ccc(Cl)cc1,-2.29
OCCCc1ccccc1,-1.38
OCCOc1ccccc1,-0.7140000000000001
CCCCC(CC)CCl,-3.172
CCc1ccc(O)cc1,-1.475
O=Cc1ccc(O)cc1,-0.976
COc1ccc(C=O)cc1,-1.5019999999999998
CCCC(=O)CCC,-1.5519999999999998
O=C(O)CCC(=O)OOC(=O)CCC(=O)O,-0.847
CCOC(=O)CCC(=O)OCC,-0.96
CCCCCCCCC(=O)OCC,-3.8
Nc1ccc(O)cc1,-0.8340000000000001
Oc1ccc(O)cc1,-0.184
O=c1ccc(=O)[nH][nH]1,-1.271
CCC=O,0.722
CC(C)CCO,-0.519
CC(=O)CC(C)=O,0.22
O=C1CCC(=O)N1,0.296
CC1OC(C)OC(C)O1,-0.072
CCCCCC(=O)OCC,-2.36
CCCC=O,-0.0069999999999999
CC=CC=O,0.33
C1CCNC1,1.148
CCCCOC(C)=O,-1.141
C1COCCO1,1.055
CC(=O)OCCC(C)C,-1.814
O=C(O)CCCCCCCC(=O)O,-1.894
C=CCNCC=C,-0.053
O=C(O)CCCCC(=O)O,-0.6759999999999999
CCCCCCCC(=O)O,-2.262
NCCCCCCN,0.935
C=CCCCCCCC,-5.052
CCCCCCCC=O,-2.36
CCCCOCCOCCOC(C)=O,-0.497
CCCCCCCCC=O,-3.1710000000000003
CNC,1.558
ClC(Br)Br,-1.919
FC(Br)C(F)(F)F,-1.901
CC12C=CC(=O)C=C1CCC1C3CC(O)C(O)(C(=O)CO)C3(C)CC(O)C12F,-3.693
CCC1(c2ccccc2)C(=O)NCNC1=O,-2.64
CC(=O)c1c(O)c(C)c(O)c2c1OC1=CC(=O)C(C(C)=O)C(=O)C12C,-3.537
COC1=CC(=O)CC(C)C12Oc1c(Cl)c(OC)cc(OC)c1C2=O,-4.611000000000001
O=[N+]([O-])C(CO)(CO)CO,0.821
C#CC1(OC(N)=O)CCCCC1,-1.825
CCCCOP(=O)(OCCCC)OCCCC,-2.978
CCOP(=O)(OCC)SCCSCC,-2.111
C=C(C)C#N,-0.422
NC(=O)NO,1.119
ClC(Cl)=C(Cl)Cl,-2.919
CC(=O)N(C)C,1.06
CC(CCC(=O)O)C1CCC2C3C(O)CC4CC(O)CCC4(C)C3CCC12C,-3.9665
COc1ccc2c(c1OC)C(=O)OC2C1c2c(cc3c(c2OC)OCO3)CCN1C,-3.139
Nc1ccc(N)c2c1C(=O)c1ccccc1C2=O,-5.859
c1cc2ccc3cccc4ccc(c1)c2c34,-6.176
CCCCC1C(=O)N(c2ccccc2)N(c2ccc(O)cc2)C1=O,-3.733
COC(=O)c1ccccc1C(=O)OC,-1.686
CCCOC(=O)c1ccccc1C(=O)OCCC,-3.365
C=CCOC(=O)c1ccccc1C(=O)OCC=C,-3.131
COc1ccc(C(=O)Cc2c(CCN(C)C)cc3c(c2OC)OCO3)c(C(=O)O)c1OC,-2.535
O=[N+]([O-])c1cc(C2CCCCC2)c(O)c([N+](=O)[O-])c1,-4.249
O=Nc1c(O)ccc2ccccc12,-2.238
O=Nc1ccc2ccccc2c1O,-2.54
O=C(O)c1cc(-c2ccccc2)nc2ccccc12,-3.193
c1ccc2c(c1)oc1ccccc12,-4.734
c1ccc2c(c1)sc1ccccc12,-5.098
O=C(O)c1ccccc1C(=O)Nc1cccc2ccccc12,-3.1630000000000003
Oc1cc(O)c2ccccc2c1,-1.949
O=C1C2CC=CCC2C(=O)N1SC(Cl)(Cl)Cl,-4.77
Nc1ccc(C(=O)Oc2ccccc2)c(O)c1,-4.515
Cc1cc(O)c(Cl)c(C)c1Cl,-2.98
NS(=O)(=O)c1cc2c(cc1Cl)NC(C(Cl)Cl)NS2(=O)=O,-2.677
Nc1cc(Cl)cc(C(=O)O)c1Cl,-2.469
Nc1cccc2ccccc12,-1.925
CCc1ccccc1CC,-3.276
NS(=O)(=O)c1cc2c(cc1C(F)(F)F)NCNS2(=O)=O,-3.043
Oc1ccc2ccccc2c1,-2.281
Nc1ccc(-c2ccc(Cl)cc2)cc1,-4.638999999999999
CCC(C)c1ccccc1,-3.882
CCCCOC(=O)c1ccccc1,-3.48
CCCCCCc1ccc(O)cc1O,-2.589
Cc1cc(C)c(N)cc1C,-1.955
CCC(C)CO,-0.472
CCN(CC)CC(=O)Nc1c(C)cccc1C,-1.757
CCCCOC(=O)C(C)O,-0.563
O=C(O)C1=CC(O)C(O)C(O)C1,-0.065
C=C(C)C1CC=C(C)CC1,-4.093999999999999
CC(C)Nc1nc(Cl)nc(NC(C)C)n1,-4.427
O=Cc1ccc(O)c(O)c1,-0.441
CCNC(=O)Nc1ncc([N+](=O)[O-])s1,-2.858
O=C(O)C=Cc1ccccc1,-2.4245
CC(=O)OCc1ccccc1,-1.685
C=CCc1ccc(OC)cc1,-2.92
C=CC(=O)OCC,-0.8240000000000001
CCOC(=O)CCCCC(=O)OCC,-1.68
C=CC(=O)OCCCC,-1.807
NCCO,1.214
COP(=O)(OC)OC(C)=CC(=O)N(C)C,0.625
O=C(O)CCI,-0.43
CCOC(C)=O,-0.042
CC(=O)C=C(C)C,-0.531
O=C(O)CC(=O)O,0.865
CCc1cccc(CC)c1,-3.748
CCOC(=O)CC(C)=O,-0.073
ClCCCCl,-1.614
C1=CCCC1,-2.105
CCCCCC(=O)O,-1.052
C1CCOCC1,-0.031
CCCCCCC,-4.468999999999999
CCCNCCC,-0.237
CCCCCCOC(C)=O,-2.451
CCCCOCCCC,-2.638
CCCCCCCCCCCC(=O)O,-3.5610000000000004
CCCCCCCCCO,-3.013
O=S1(=O)OC(c2ccc(O)cc2)(c2ccc(O)cc2)c2ccccc21,-2.6630000000000003
CC(=O)NS(=O)(=O)c1ccc(N)cc1,-1.234
Cc1nnc(NS(=O)(=O)c2ccc(N)cc2)s1,-2.411
CC(=O)C1CCC2C3CC=C4CC(O)CCC4(C)C3CCC12C,-4.652
O=C(O)C1CCCN1,0.148
Cc1c(C(N)=O)cc([N+](=O)[O-])cc1[N+](=O)[O-],-2.352
Oc1cccc2cccnc12,-2.417
O=S(=O)(O)OCCOc1ccc(Cl)cc1Cl,-0.06
Sc1nc2ccccc2s1,-3.182
OCC(O)C(O)CO,0.6990000000000001
CCCCC(CC)C(=O)O,-1.858
O=C(O)c1cc(O)c(O)c(O)c1,-1.155
Nc1ccc(C(=O)O)cc1,-1.351
CN(C)C(=O)Nc1ccc(Cl)cc1,-2.9360000000000004
CCOc1ccc(NC(N)=O)cc1,-2.173
COc1ccc(O)cc1,-0.492
FC(F)(F)C(Cl)Br,-1.704
O=NN(CCCl)C(=O)NCCCl,-1.7280000000000002
c1cc2ccc3ccc4ccc5cccc6c(c1)c2c3c4c56,-9.026
c1ccc2c(c1)c1cccc3ccc4cccc2c4c31,-7.843999999999999
c1cc2cccc3c4cccc5cccc(c(c1)c23)c54,-8.8
c1cc2c3c(c1)ccc1cccc(c13)C2,-5.238
c1ccc2c3c(ccc2c1)-c1cccc2cccc-3c12,-8.004
c1ccc2c(c1)-c1cccc3c1c-2cc1ccccc13,-8.226
c1ccc2c(c1)-c1cccc3cccc-2c13,-5.891
c1ccc2cc3c(cc2c1)-c1cccc2cccc-3c12,-8.499
C1=Cc2cccc3cccc1c23,-3.976
c1ccc2cc3c4ccccc4c4ccccc4c3cc2c1,-8.24
c1ccc2c(c1)c1ccccc1c1ccccc21,-6.745
c1ccc2c(c1)ccc1c3ccccc3ccc21,-8.057
c1ccc2c(c1)ccc1cc3ccc4ccccc4c3cc12,-8.432
c1ccc2c(c1)cnc1ccccc12,-2.776
c1ccc2c(c1)Cc1c-2ccc2ccccc12,-6.678
c1ccc2c(c1)Cc1cc3ccccc3cc1-2,-8.033999999999999
c1ccc2cnncc2c1,-0.415
c1ccc2nc3ccccc3cc2c1,-3.669
c1ccc2c(c1)Oc1ccccc1O2,-5.311
c1ccc2[nH]ncc2c1,-2.155
c1ccc2ocnc2c1,-1.155
C1CN2CCN1CC2,0.603
C1CCCC1,-2.653
c1ccnnc1,1.096
c1cncnc1,1.096
C1CCCCCC1,-3.515
C1CCCCCCC1,-4.152
CCOP(=S)(OCC)Oc1cnccn1,-2.338
COP(=S)(OC)Oc1ccc([N+](=O)[O-])cc1,-3.844
CCOP(=S)(OCC)SCSCC,-3.717
CCOP(=S)(OCC)OCCSCC,-3.634
CCOP(=S)(OCC)SCCSCC,-4.226
COc1c2occc2cc2ccc(=O)oc12,-3.657
CNC(C)C(O)c1ccccc1,-0.415
COP(=S)(OC)Oc1cc(Cl)c(Cl)cc1Cl,-5.507000000000001
COP(=S)(NC(C)C)Oc1ccc(Cl)cc1Cl,-4.798
CNP(=O)(OC)Oc1ccc(C(C)(C)C)cc1Cl,-3.164
COP(=O)(OC)OC(Br)C(Cl)(Cl)Br,-2.28
CC(N)C(=O)O,0.27
O=C(O)c1c(O)cccc1O,-1.207
ClC1=C(Cl)C2(Cl)C3C4C=CC(C4)C3C1(Cl)C2(Cl)Cl,-7.332000000000001
CCOP(=O)(OCC)Oc1ccc([N+](=O)[O-])cc1,-2.059
CCC(C)n1c(=O)[nH]c(C)c(Br)c1=O,-2.506
CNC(=O)Oc1cc(C)c(N(C)C)c(C)c1,-3.347
Oc1ncnc2[nH]ncc12,-2.379
Fc1cc(F)c(F)cc1F,-2.376
CCOP(=S)(CC)Oc1cc(Cl)c(Cl)cc1Cl,-5.752000000000001
O=[N+]([O-])c1ccc([N+](=O)[O-])c(O)c1,-2.68
CN(C)C(=O)Nc1ccc(Cl)c(Cl)c1,-3.744
CON(C)C(=O)Nc1ccc(Cl)c(Cl)c1,-3.5210000000000004
CCOP(=S)(OCC)Oc1cc(C)nc(C(C)C)n1,-3.881
CCCCCCCCCC(=O)O,-3.445
CCCCNC(=O)NS(=O)(=O)c1ccc(N)cc1,-2.178
Fc1ccccc1CCl,-2.541
Fc1ccccc1Cl,-2.416
Fc1ccc(CCl)cc1,-2.544
Fc1ccc(I)cc1,-3.1260000000000003
CCSCC,-1.46
COc1cc2c(cc1OC)C13CCN4CC5=CCOC6CC(=O)N2C1C6C5CC43,-2.091
CCN(CC)CCNC(=O)c1cc(Cl)c(N)cc1OC,-3.176
c1ccc(-c2ccccn2)nc1,-1.421
Fc1ccccc1F,-2.0
OCCF,1.193
Fc1cccc(F)c1,-2.0
O=[N+]([O-])c1cc(C(F)(F)F)ccc1O,-2.503
C=COCC(F)(F)F,-1.4780000000000002
CC(=O)C1(O)CCC2C3CC(C)C4=CC(=O)C=CC4(C)C3(F)C(O)CC21C,-4.099
CC(=O)C(C)=O,0.366
C#CC1(O)CCC2C3CCC4=CC(=O)CCC4(C)C3CCC21C,-5.658
CC(CCC(=O)O)C1CCC2C3CCC4CC(O)CCC4(C)C3CCC12C,-6.0
CN1C(=O)CN=C(c2ccccc2)c2cc(Cl)ccc21,-3.755
CC(=O)NCc1c(I)c(NC(C)=O)c(I)c(C(=O)O)c1I,-2.321
O=C(O)c1ccccc1F,-1.289
O=[N+]([O-])c1ccc(F)cc1O,-2.05
CCOc1ccc2nc(S(N)(=O)=O)sc2c1,-3.81
O=C(O)c1cccc(F)c1,-1.97
O=C(O)c1ccc(F)cc1,-2.067
Fc1cccc(CCl)c1,-2.544
CCCC1CCCCN1,-0.8490000000000001
N#CNC(=N)N,-0.309
O=C1CNC(=O)N1,-0.402
Cc1cc(N)nc(C)n1,-1.284
Fc1ccccc1,-1.795
CCOCOCC,-0.173
CC(C)(C)C,-3.337
CC(O)C(C)(C)C,-0.624
CC1(C)C2CCC1(C)C(O)C2,-2.319
CC1OC(OC2C=C3CCC4C(CCC5(C)C(c6ccc(=O)oc6)CCC45O)C3(C)CC2)C(O)C(O)C1O,-3.955
CC12CCC(CC1)C(C)(C)O2,-1.887
CCOP(=O)(OCC)OC(=CCl)c1ccc(Cl)cc1Cl,-3.462
Nc1ccc(S(=O)(=O)c2cnc(N)s2)cc1,-2.805
CC12CCC3C(=CCc4cc(O)ccc43)C1CCC2=O,-5.279
COc1cc(C2c3cc4c(cc3C(O)C3COC(=O)C23)OCO4)cc(OC)c1OC,-3.617
c1cc2c3c(c4ccc5ccccc5c4cc3c1)CC2,-7.861000000000001
Nc1cccc2cccc(N)c12,-2.27
O=c1c(O)c(-c2ccc(O)cc2O)oc2cc(O)cc(O)c12,-3.082
Cc1cc(C)c(C(=O)O)c(C)c1,-2.357
CC1=C2C3OC(=O)C(C)C3CCC2(C)C=CC1=O,-3.09
O=C(O)c1ccccc1-c1ccccc1C(=O)O,-2.2840000000000003
COc1ccc2ccc(=O)oc2c1CC=C(C)C,-4.309
Oc1nc(O)c2nccnc2n1,-2.1180000000000003
OC1CC(O)C(O)C(O)C1O,-0.174
O=C(O)c1ccncc1C(=O)O,-1.854
O=C(O)c1cc(O)ccc1O,-1.489
C=C(C(=O)O)c1ccccc1,-2.057
c1cncc(C2CCCCN2)c1,0.79
O=C(O)CNC(=O)c1ccccc1,-1.679
O=C(NN=Cc1ccccc1O)c1ccncc1,-3.683
c1ccc2c(c1)CCC2,-3.035
CC(CC(=O)O)C(=O)O,0.703
O=C(O)C=C(CC(=O)O)C(=O)O,0.4579999999999999
Cc1ccc(C(C)C)cc1O,-2.08
O=C(O)c1ccnc(C(=O)O)c1,-1.827
COP(=S)(OC)Oc1ccc([N+](=O)[O-])c(Cl)c1,-3.872
O=C(O)CCc1ccccc1,-1.406
O=C(CCCl)NCc1ccccc1,-3.2960000000000003
CCCCC(=O)CCCC,-2.593
O=S(=O)(O)CS(=O)(=O)O,0.754
CC(C)CC(=O)O,-0.4
O=C(O)CCCCCCC(=O)O,-1.169
O=C(O)CCCCCCCCCCCC(=O)O,-2.212
ClCCSCCCl,-2.363
O=C(O)C=CC=CC(=O)O,-2.852
CC(C)(C)Br,-2.359
CC(C)(C)Cl,-1.507
CC(C)(C)CC(=O)OCC(=O)C1(O)CCC2C3CCC4=CC(=O)CCC4(C)C3C(O)CC21C,-5.511
CCC1(C2=CCCCCC2)C(=O)NC(=O)NC1=O,-3.0010000000000003
CCOC(=O)C(O)(c1ccc(Cl)cc1)c1ccc(Cl)cc1,-4.512
COP(=O)(OC)OC,0.5529999999999999
CC=C(C)C,-2.56
C=C(C)C(=C)C,-2.4
CC(O)C(C)O,1.045
Cc1csc(NS(=O)(=O)c2ccc(N)cc2)n1,-2.129
Cc1cc(NS(=O)(=O)c2ccc(N)cc2)nc(C)n1,-2.238
CC(C(=O)O)C(=O)O,0.76
CC12CCc3c(ccc4cc(O)ccc34)C1CCC2=O,-5.244
CC(=O)C1CCOC1=O,0.193
COc1cc(C2c3cc4c(c(O)c3CC3COC(=O)C32)OCO4)cc(OC)c1OC,-4.503
O=C(c1ccc(O)c(O)c1)c1c(O)cc(O)cc1O,-1.72
CC(=O)C1C(=O)C=C(C)OC1=O,-1.226
COc1ccn(C)c(=O)c1C#N,-1.784
Nc1ccc(S(=O)(=O)Nc2ccnn2-c2ccccc2)cc1,-2.321
Cc1cccc(C)c1C,-3.204
Cc1cccc(O)c1C,-1.4269999999999998
O=C(O)C(O)C(O)C(O)C(O)CO,0.207
Cc1cc(C)c(O)c(C)c1,-2.055
CC(=O)c1ccc(O)c(O)c1O,-2.022
O=[N+]([O-])c1ccccc1[N+](=O)[O-],-3.102
O=C(O)c1ccc(C(=O)O)c(C(=O)O)c1,-1.0
O=C(O)c1ccc([N+](=O)[O-])c([N+](=O)[O-])c1,-1.501
Oc1c2ccccc2cc2ccccc12,-4.7330000000000005
C=C(c1ccccc1)c1ccccc1,-4.436
O=C(O)c1ccccc1Nc1cccc(C(F)(F)F)c1,-3.3
COc1ccccc1OCC(O)COC(N)=O,-0.985
CC(=O)Nc1ccccc1Cl,-1.4
CCN(CC)C(=O)CC(C)C,-0.595
OC(CI)CI,-1.3969999999999998
Cc1ccco1,-1.4369999999999998
Cc1cc([N+](=O)[O-])cc([N+](=O)[O-])c1O,-3.0
CC(C)(C)c1nnc(NS(=O)(=O)c2ccc(N)cc2)s1,-3.74
O=C(O)c1cccc(Cl)c1,-2.541
Cc1cc(N(C)C)nc(Cl)n1,-1.261
CC(C)c1ccc(C(=O)O)cc1,-3.036
C#Cc1ccccc1,-2.35
CCc1ccncc1,0.8270000000000001
CCc1cccnc1,0.5379999999999999
CC(=O)Nc1cccc(C)c1,-2.091
NC(=O)NCc1ccccc1,-0.946
CN(C)CCc1ccc(O)cc1,-1.3730000000000002
O=C(O)C=Cc1ccco1,-1.839
CCCCC(=O)OCC,-1.77
CCOC(=O)NCC(C)C,-0.768
CCCCCOC(=O)CCC,-2.467
Fc1ccc(F)cc1,-1.971
OCCBr,0.903
CCCCl,-1.461
ClC=CCl,-1.442
CC(C)CC(C)(C)C,-4.746
CC(=O)OC(C)(C)C,-1.144
CCCC(Cl)Cl,-2.4
CCCC(N)=O,0.272
CC(N)CC(=O)O,0.987
Clc1cccc(Cl)c1,-3.07
CC(C)COC=O,-1.001
CCCCI,-2.96
ClC=CCCl,-2.045
CC(=O)NCC(=O)O,-0.649
CCCCCC(C)O,-1.551
CC(C)CCOCCC(C)C,-2.898
N#CCCCC#N,1.026
C1=CC=CCC=C1,-2.172
CCCCCCCCCCCCCC(=O)O,-5.329
C=C1CCOC1=O,0.184
O=S(=O)(O)c1cc(I)c(O)c2ncccc12,-2.244
CCOC(=O)C(c1c(O)c2ccccc2oc1=O)c1c(O)c2ccccc2oc1=O,-3.426
Cc1ccc(C(C)C)c(O)c1C(=O)O,-3.2880000000000003
CN(C)c1ccc(C(=C2C=CC(=[N+](C)C)C=C2)c2ccc(N(C)C)cc2)cc1,-2.009
O=[N+]([O-])c1c(O)ccc2ccccc12,-2.9760000000000004
S=C=Nc1cccc2ccccc12,-4.602
NCCNc1cccc2ccccc12,-1.969
O=C(O)c1ccccc1[N+](=O)[O-],-1.328
CC(=O)Nc1ccccc1[N+](=O)[O-],-1.909
O=Cc1ccccc1[N+](=O)[O-],-1.814
c1cc(-c2ccncc2)ccn1,-1.538
CCCOc1ccc([N+](=O)[O-])cc1N,-3.159
Nc1ccc(Cl)cc1Cl,-2.417
Cc1cnc(=O)[nH]c1N,-0.56
CCC(=O)OC,-0.15
O=[N+]([O-])c1cccc(O)c1,-1.013
COc1cccc([N+](=O)[O-])c1,-2.486
O=Cc1ccc([N+](=O)[O-])cc1,-1.81
CCCCN(C)C(=O)Nc1ccc(Cl)c(Cl)c1,-4.758
NCC(=O)NCC(=O)NCC(=O)O,-0.51
OCC1CO1,1.13
CN=C=S,-0.983
CCCOC,-0.386
C=CCOCC=C,-0.02
BrC(Br)(Br)Br,-3.14
CS(=O)(=O)F,-0.515
CC(=O)Oc1ccc2c3c1OC1C(OC(C)=O)C=CC4C(C2)N(C)CCC341,-2.797
CCC(C)(C)CC,-4.229
CCOP(=S)(OCC)SCSP(=S)(OCC)OCC,-5.284
C=CC(C)C,-2.732
C=C(C)CC,-2.732
CC(=O)C(C)C,-0.151
CCC(C)C(C)(C)C,-4.678
CCC(C)C(C)C,-4.281000000000001
CCC(C)C(C)O,-0.722
CCC(C)C(C)=O,-0.6809999999999999
CCC(O)C(C)C,-0.706
CCC(=O)C(C)C,-0.81
CC(C)C(C)C(C)C,-4.696000000000001
CC(C)C(=O)C(C)C,-1.3019999999999998
COc1ccc2c(c1OC)C(=O)OC2,-1.89
O=C(O)c1nc[nH]c1C(=O)O,-2.494
Cc1ccc(C)c2ccccc12,-4.137
Cc1cccc2c(C)cccc12,-4.756
O=[N+]([O-])c1cccc([N+](=O)[O-])c1O,-1.55
Cc1cc(C)c2ccccc2c1,-4.291
O=C(O)COc1c(Cl)cc(Cl)cc1Cl,-3.013
Oc1cccc(Cl)c1Cl,-1.656
Cc1cccc(C)c1O,-1.305
CC(=O)N(C)c1ccccc1,-0.951
CCc1cccc(CC)c1N,-2.3480000000000003
COc1ccccc1C(=O)O,-1.483
Oc1ccc2ncccc2c1,-2.162
Cc1cc2ccccc2cc1C,-4.895
Cc1ccc2cc(C)ccc2c1,-4.893
Oc1ccc2cc(O)ccc2c1,-2.205
O=[N+]([O-])c1ccc2ccccc2c1,-4.273
Brc1ccccc1Br,-3.5
CC1CCCCC1C,-3.959333333333333
Cc1ccncc1C,0.359
Cc1cccnc1C,0.385
Oc1cc(Cl)ccc1Cl,-1.911
CCC(O)CC,-0.233
C=C(C)C(=O)OC(C)(C)C,-2.153
O=C(O)c1cccc(Br)c1,-2.699
O=[N+]([O-])c1cc(O)cc([N+](=O)[O-])c1,-1.663
O=C(O)c1ccc(Br)cc1,-3.525
COCc1ccc([N+](=O)[O-])o1,-1.155
CCCOC(=O)Cn1cc(I)c(=O)c(I)c1,-3.504
O=C(O)COc1ccc(Cl)c(Cl)c1,-2.685
Cc1ccc(CO)cc1,-1.2
CCCC(C)CC,-4.306
CCC(C)CCO,-1.376
CCCC(=O)CC,-0.833
CCCC(O)CCC,-1.393
CCCCC(C)CC,-5.159
Brc1ccc(I)cc1,-4.452
CC1CCC(C)CC1,-4.466
CC1CCC(O)CC1,-0.882
Cc1ccc(C)nc1,0.401
CCCCOC(=O)CC,-1.938
CCCC(C)(C)C,-4.357
CCCC(C)(C)O,-0.499
CC1=CCC(=O)O1,-0.293
Cc1cccc(Br)c1,-3.523
Oc1cccc(Br)c1,-0.8759999999999999
CC1CCCC(=O)C1,-1.874
Nc1cccc(O)c1,-0.607
Oc1cc(Cl)cc(Cl)c1,-1.5590000000000002
CC1=CCCCC1,-3.267
Ic1ccccc1,-2.778
CCCCC(C)C,-4.596
CCCCC(C)=O,-0.758
C=CCC=C,-2.087
CC=CCCl,-1.957
CCCCOC(N)=O,-0.657
C=CCCCC,-3.2260000000000004
C=CCCC=C,-2.687
C=CCCCCC,-3.732
CC=CCCCC,-3.816
CCCCOC=O,-1.131
C=CBr,-1.275
CC(C)C(C)(C)O,-0.411
CC(C)(C)C(C)(C)O,-0.723
CC(=O)OC1(C(C)=O)CCC2C3C=C(C)C4=CC(=O)CCC4(C)C3CCC21C,-5.284
CCC(C)(O)C(C)C,-0.85
CC(C)(C(=O)O)C(=O)O,-0.1669999999999999
CCS(=O)(=O)CC,0.043
CCC(O)(CC)CC,-0.84
CCCC(C)(O)CC,-1.001
CNC(N)=O,1.13
COC(C)C,-0.057
COC(N)=O,0.964
CC(C)C(C)O,-0.1969999999999999
Cc1cnc(NS(=O)(=O)c2ccc(N)cc2)nc1,-2.82
CCC(Cl)[N+](=O)[O-],-1.189
CC(C)C(O)C(C)C,-1.22
CCC(C(=O)O)C(=O)O,0.732
CC(C)N(N=O)C(C)C,-1.001
O=[N+]([O-])c1c(O)cccc1O,-2.073
O=[N+]([O-])c1c2ccccc2cc2ccccc12,-6.292000000000001
O=C(O)c1cccc([N+](=O)[O-])c1C(=O)O,-1.021
CC(C)OC(=O)c1ccccc1C(=O)OC(C)C,-2.877
Cc1c([N+](=O)[O-])cccc1[N+](=O)[O-],-3.0
COc1c([N+](=O)[O-])cc([N+](=O)[O-])cc1[N+](=O)[O-],-3.085
O=[N+]([O-])c1ccc2c(c1)Cc1ccccc1-2,-5.99
Clc1cc(Cl)c(Cl)c(Cl)c1Cl,-5.479
O=C(O)c1ccc(O)c(O)c1O,-2.231
O=C(O)c1ccc([N+](=O)[O-])cc1[N+](=O)[O-],-1.067
Cc1ccc([N+](=O)[O-])c([N+](=O)[O-])c1,-3.26
CCc1ccccc1C,-3.207
O=c1cc[nH]c2ccccc12,-1.481
Cc1ccc2cc3ccccc3cc2c1,-6.956
Nc1ccc2cc3ccccc3cc2c1,-5.172000000000001
O=C(NC(=O)c1ccccc1)c1ccccc1,-2.273
O=C(O)COc1ccccc1Cl,-2.164
CC(=O)Nc1ccccc1O,-2.235
Cc1nc2ccccc2[nH]1,-1.96
CSc1nc2ccccc2s1,-3.161
Clc1ccccc1I,-3.532
Ic1ccccc1I,-4.217
Brc1ccc(Br)c(Br)c1,-4.498
Oc1ccc(Br)cc1Br,-2.123
Cn1ccc(=O)[nH]c1=O,-0.8
CCC(Cl)CC,-2.63
C=CC(O)CC,0.02
CCN(C)CC,0.713
Cc1ccsc1,-2.39
O=C1CCCN1,1.07
CCCC(O)C(C)C,-1.32
NCc1ccco1,1.013
O=C(O)c1cccc(I)c1,-3.2710000000000004
O=C(O)c1cc(O)cc(C(=O)O)c1,-2.482
Cc1ccc(C(=O)O)cc1C,-3.0660000000000003
COC(=O)c1ccc(N)cc1,-1.597
CN(C)c1ccc(C(=O)O)cc1,-3.398
CCCN(CCC)N=O,-1.001
S=C=NCc1ccccc1,-3.136
CCc1ccc(C)cc1,-3.103
C=Cc1ccc(C)cc1,-3.123
O=Cc1ccc(C=O)cc1,-2.827
CCCC(O)CC,-0.8029999999999999
CCCC(=O)OC,-0.833
CCCCC(O)CCCC,-2.49
Ic1ccc(I)cc1,-5.372000000000001
COC(=O)C=CC(=O)OC,-0.256
ICCI,-3.216
CC(C)(C)CCO,-0.5
CC(C)CC(C)(C)O,-0.961
CCCCC(C)(C)O,-1.078
CCCCCC(C)(C)O,-1.72
CCCC(C)Cl,-2.63
COCC(C)C,-0.9
O=[N+]([O-])CCO,1.041
CCOC(C)C,-0.551
CC(C)OC=O,-0.629
Clc1cccc(I)c1,-3.532
Ic1cccc(I)c1,-4.518
O=c1cc(O)cc[nH]1,-1.25
Brc1cc(Br)cc(Br)c1,-5.6
Nc1cc(Cl)cc(Cl)c1,-2.315
CN1CCCCC1,0.226
CC(C)CCCO,-1.14
CCCCC(C)O,-0.873
CCCC[N+](=O)[O-],-1.351
CCCOC(C)C,-1.337
CCCOC(N)=O,-0.13
OCCCBr,0.009
C#CCCC,-1.6369999999999998
OCCCCl,0.422
CC(C)CCC(C)O,-1.38
CCCCOC,-0.99
CCCOCC,-0.845
C1=CCC=CC1,-2.059
CCCCCOC(C)=O,-1.877
C#CCCCCC,-3.01
C1=CCCCCC1,-3.1630000000000003
O=[N+]([O-])OCCO[N+](=O)[O-],-1.35
CCCCCCCC(C)O,-2.744
CCCCCCCBr,-4.431
C#CCCCCCC,-3.662
CCCCCCCCl,-3.996
CCOCCOCC,-0.15
CCCCCCCCCCCCCC,-7.456
CCCCCCCCCCCCCCCO,-6.35
CN(C)C(=O)N(C)C,0.935
O=C(O)c1ccccc1S(=O)(=O)O,0.3929999999999999
Clc1ccc(Cl)c(Cl)c1Cl,-4.562
Clc1cc(Cl)c(Cl)c(Cl)c1,-4.627
Nc1c(Cl)cc(Cl)cc1Cl,-3.691
Brc1cc(Br)c(Br)cc1Br,-6.992999999999999
CCC(=O)OC(C)C,-1.29
Clc1ccc(I)cc1,-4.0760000000000005
CCCCCCCCCCCCC(=O)O,-3.813
NC(=O)CF,1.113
Cc1ccc(-c2ccccc2)cc1,-4.618
CN(C)c1nc(N(C)C)nc(N(C)C)n1,-3.364
C1COCO1,1.13
COc1cnc(NS(=O)(=O)c2ccc(N)cc2)nc1,-2.584
Cc1ccc(S(=O)(=O)NC(=O)NC2CCCCC2)cc1,-4.207
CN(C)P(=O)(N(C)C)N(C)C,0.747
CN(N=O)C(N)=O,-0.855
C#CC=C,-1.464
C=CCC(C)C,-3.244
C#CCCCC,-2.277
O=C(O)CCCCCCCCCCC(=O)O,-3.76
CCCCCCCCC(C)=O,-3.309
Clc1ccccc1Br,-3.2030000000000003
Cn1ccccc1=O,0.962
Cc1cc(C)c(C)c(C)c1C,-3.981
CCC(=O)Nc1ccc(Cl)c(Cl)c1,-2.986
Cc1cc(NS(=O)(=O)c2ccc(N)cc2)no1,-2.6180000000000003
O=C(O)c1c2ccccc2cc2ccccc12,-3.417
Cc1nc(NS(=O)(=O)c2ccc(N)cc2)oc1C,-2.202
COP(=S)(OC)SCN1C(=O)c2ccccc2C1=O,-4.114
COc1cc(Cc2cnc(N)nc2N)cc(OC)c1OC,-2.861
COP(C)(=O)OC,0.906
CCN(N=O)C(N)=O,-0.955
CCCN(CCC)C(=O)SCC,-2.7030000000000003
C=C(C)CCC,-3.033
Cc1c2ccccc2cc2ccccc12,-5.867000000000001
Cc1c2ccccc2c(C)c2ccccc12,-6.566
CCOP(=S)(OCC)SCSc1ccc(Cl)cc1,-5.736000000000001
Clc1ccc(C(c2ccccc2Cl)C(Cl)(Cl)Cl)cc1,-6.62
CCOC(=O)CCCC(=O)OCC,-1.33
C=CC(=O)OCCO,0.935
C=CCCCO,-0.179
CCCCCCCC(C)=O,-2.584
Cc1ccc2cc(C)c(C)cc2c1,-5.001
COc1ccc(C=CC(=O)O)cc1,-2.398
Cc1cccc2c1ccc1ccccc12,-5.854
CCNc1nc(NC(C)C)nc(SC)n1,-3.037
COCCCNc1nc(NC(C)C)nc(SC)n1,-2.928
O=C1Nc2ccc(Cl)cc2C(c2ccccc2Cl)=NC1O,-3.604
C=C(C)C(=O)OCCO,-0.114
CN1CCCC1=O,1.004
CCc1cccs1,-2.585
O=[N+]([O-])c1cc(Cl)c(Cl)c(Cl)c1Cl,-4.553
O=[N+]([O-])c1cc(-c2ccccc2)ccc1O,-4.41
CCNc1nc(NC(C)(C)C)nc(SC)n1,-3.985
CCCCN(CCCC)N=O,-2.096
CC(=O)OCCBr,-0.674
CCC#CCC,-2.167
O=NN1CCCC1,0.999
O=NN1CCCCCC1,-1.001
Oc1c(Cl)ccc(Cl)c1Cl,-2.642
CN(Cc1ccccc1)N=O,-1.5219999999999998
CCc1ccc2ccccc2c1,-4.29
CCOP(=S)(CC)Sc1ccccc1,-4.159
COc1nn(CSP(=S)(OC)OC)c(=O)s1,-3.209
O=C(NCN1CCOCC1)c1cnccn1,0.176
COP(=S)(OC)SCSc1ccc(Cl)cc1,-5.294
CN(C)C(=O)C(c1ccccc1)c1ccccc1,-2.964
O=S1OCC2C(CO1)C1(Cl)C(Cl)=C(Cl)C2(Cl)C1(Cl)Cl,-5.902
COP(=O)(OC)OC(=CCl)c1cc(Cl)c(Cl)cc1Cl,-4.522
O=[N+]([O-])c1ccc(Nc2ccccc2)c([N+](=O)[O-])c1,-3.834
CCOc1ccc(NS(=O)(=O)c2ccc(N)cc2)nn1,-2.427
C=CC(=O)OCC(C)O,0.8859999999999999
C[N+](C)(C)CCCl,0.799
CNc1nc(NC(C)C)nc(SC)n1,-2.5660000000000003
ClC1=C(Cl)C2(Cl)C3C4OC4C(Cl)C3C1(Cl)C2(Cl)Cl,-6.289
Fc1ccccc1Br,-2.695
Fc1cccc(Br)c1,-2.6660000000000004
CCCCCCc1ccccc1,-5.255
CCCCCCOC(=O)c1ccc(O)cc1,-3.949
CCCCCCCOC(=O)c1ccc(O)cc1,-4.072
CC(C)(C)C(=O)OCC(=O)C1(O)CCC2C3CCC4=CC(=O)C=CC4(C)C3C(O)CC21C,-4.583
CC#CCCCC,-2.7710000000000004
Oc1ccc2c(c1)CCCC2,-1.995
CCc1cccc2ccccc12,-4.164
CN=C(O)Oc1cccc(C)c1,-1.803
Cc1ccc(S(=O)(=O)NC(=O)NN2CCCCCC2)cc1,-3.678
CC(=O)OCC(=O)C1(O)C(C)CC2C3CCC4=CC(=O)C=CC4(C)C3(F)C(O)CC21C,-4.9
CCC(C)(C)CO,-1.129
N#Cc1c(Cl)cccc1Cl,-3.98
NCC1CCC(C(=O)O)CC1,0.026
Cc1cc(C)c2ccccc2n1,-1.944
CC(C)OP(C)(=O)OC(C)C,-0.052
CCCCCCCCCCCCCCCCCO,-7.506
CC1CN(N=O)CC(C)O1,-0.065
C1OC1C1CO1,1.065
CC(=O)Oc1ccc(Br)cc1C(=O)O,-2.589
CNC(=O)Oc1cccc2c1OC(C)(C)C2,-2.84
COc1ccc(NC(N)=O)cc1,-1.592
COc1ccc(O)c([N+](=O)[O-])c1,-2.839
Cc1cc(Cl)ccc1O,-1.5519999999999998
CCCN(CCC)c1c([N+](=O)[O-])cc(C(F)(F)F)cc1[N+](=O)[O-],-6.047999999999999
CN(C)NC(=O)CCC(=O)O,-0.205
COc1nc(NC(C)C)nc(NC(C)C)n1,-2.478
COC(C)(C)C,-0.238
CNC(=O)ON=CC(C)(C)S(C)(=O)=O,-1.347
CCCCCCCCCC(C)O,-2.94
Cc1cnc2c(ccc3c(C)c(C)cnc32)c1C,-5.195
CN(C)CCC=C1c2ccccc2COc2ccccc21,-3.947
CCC1CCCCC1,-4.251
Oc1ccc(N=Nc2ccccc2)cc1,-3.343
N#Cc1cc(Br)c(O)c(Br)c1,-3.3280000000000003
Nc1cnn(-c2ccccc2)c(=O)c1Cl,-2.744
O=C(O)c1nc(Cl)ccc1Cl,-2.283
Cc1cc2c3ccccc3ccc2c2ccccc12,-6.571000000000001
Cc1cccc2c1Cc1ccccc1-2,-5.218
CCCCCCCCC(=O)OC,-3.876
c1cc2c3c(ccc4c3c1CCC4)CCC2,-5.959
Clc1cc2c(cc1Cl)Oc1cc(Cl)c(Cl)cc1O2,-9.207
CON(C)C(=O)Nc1ccc(Cl)cc1,-2.363
Clc1cccc2c(Cl)cccc12,-5.716
Clc1ccc(Cl)c2ccccc12,-5.803
CCN(CC)C(=O)CSc1ccc(Cl)nn1,-1.716
O=[N+]([O-])c1ccc(Oc2ccc(Cl)cc2Cl)cc1,-5.452999999999999
O=[N+]([O-])c1ccc(Oc2c(Cl)cc(Cl)cc2Cl)cc1,-5.62
COC(=O)c1c(Cl)c(Cl)c(C(=O)OC)c(Cl)c1Cl,-5.822
CCCCN(CC)c1c([N+](=O)[O-])cc(C(F)(F)F)cc1[N+](=O)[O-],-6.525
Nc1ncnc2c1ncn2C1(CO)OC(CO)C(O)C1O,-1.57
N#Cc1c(Cl)c(Cl)c(Cl)c(C#N)c1Cl,-5.647
Cc1cccc(S(N)(=O)=O)c1,-1.341
CCNc1nc(Cl)nc(NC(C)C)n1,-3.887
CCN(CC)c1nc(Cl)nc(NC(C)C)n1,-3.785
CCNc1nc(Cl)nc(N(CC)CC)n1,-4.06
COc1c(Cl)ccc(Cl)c1C(=O)O,-1.6909999999999998
Nc1c(Cl)c(Cl)nc(C(=O)O)c1Cl,-2.749
NC(=S)c1c(Cl)cccc1Cl,-2.336
CC(C)N(C(=O)CCl)c1ccccc1,-2.481
Clc1cccc(C(Cl)(Cl)Cl)n1,-3.761
C#CC(C)OC(=O)Nc1cccc(Cl)c1,-2.617
CN(C)C(=O)Nc1ccc(Oc2ccc(Cl)cc2)cc1,-4.895
CC1CCCCC1NC(=O)Nc1ccccc1,-4.111000000000001
NC(=O)c1c(Cl)cccc1Cl,-1.843
Nc1nc(=O)[nH]cc1F,-0.935
CC(C)c1ccc2ccccc2c1,-5.297999999999999
CNC(=O)Oc1ccc(N(C)C)c(C)c1,-2.357
CNC(=O)Oc1cc(C)c(SC)c(C)c1,-4.353
CCC(C)(C)c1ccccc1,-4.15
CCOC(=O)CCCCCC(=O)OCC,-2.013
CCOC(=O)CCCCCCC(=O)OCC,-2.53
Clc1cccc(-c2cccc(Cl)c2)c1,-5.797999999999999
Clc1ccc(-c2ccc(Cl)cc2)cc1,-6.556
Clc1cccc2cccc(Cl)c12,-5.796
Clc1cc2ccccc2cc1Cl,-6.357
Clc1c(Cl)c(Cl)c(-c2c(Cl)c(Cl)c(Cl)c(Cl)c2Cl)c(Cl)c1Cl,-10.827
Clc1ccccc1-c1ccccc1,-4.592
Clc1cccc(-c2ccccc2)c1,-4.716
Clc1ccc(-c2ccccc2)cc1,-5.149
CCOP(=S)(Oc1ccc([N+](=O)[O-])cc1)c1ccccc1,-5.017
COP(=S)(OC)Oc1cc(Cl)c(Br)cc1Cl,-6.086
Cc1ccc(C)c2c(C)cccc12,-4.909
S=C=Nc1cccc(Br)c1,-4.085
Clc1cc(Cl)c(Cl)c(-c2c(Cl)c(Cl)cc(Cl)c2Cl)c1Cl,-9.466
CCCCC(=O)OC1(C(=O)CO)C(C)CC2C3CCC4=CC(=O)C=CC4(C)C3(F)C(O)CC21C,-4.71
CN(C)C(=O)Nc1cccc(C(F)(F)F)c1,-3.4360000000000004
CCCCCCCCc1ccccc1,-6.46
Clc1ccc2ccc(Cl)cc2c1,-5.922000000000001
CCSC(=O)N1CCCCCC1,-2.286
CCCC1(CCC)C(=O)NC(=O)NC1=O,-2.549
Clc1c(Cl)c(Cl)c2c(Cl)c(Cl)c(Cl)c(Cl)c2c1Cl,-9.703
CCC(N)Cc1c[nH]c2ccccc12,-2.567
CCCCCCCCC#N,-3.299
Nc1cccc2c(N)cccc12,-2.619
CCOP(=S)(OCC)SCC(=O)NC(C)C,-2.057
Cc1cccc(Oc2ccc([N+](=O)[O-])cc2)c1,-4.6610000000000005
CCCC(C)C(=O)Nc1ccc(C)c(Cl)c1,-4.45
CCOP(=S)(OCC)SCn1c(=O)oc2cc(Cl)ccc21,-5.233
C#CCOS(=O)OC1CCCCC1Oc1ccc(C(C)(C)C)cc1,-5.846
CCCCOC(=O)C1(O)c2ccccc2-c2ccccc21,-3.888
CC12CCC3C(CCC4CC5SC5CC43C)C1CCC2O,-5.407
Fc1cc(F)c(F)c(F)c1,-2.306
CCCC(C)(C)CO,-1.52
Cc1ccc2cc3c(ccc4ccccc43)cc2c1,-6.816
C#CCCCC#C,-1.747
C#CCCCCCC#C,-2.983
Cc1ccc(C)c(O)c1C,-1.936
CNC(=O)Oc1ccc(C)c(C)c1,-2.139
CCCCOCC1CO1,-0.8140000000000001
CC(C)CCCCCCO,-2.487
Clc1ccc(-c2ccc(Cl)cc2Cl)c(Cl)c1,-6.732
COP(=S)(OC)Oc1ccc([N+](=O)[O-])cc1Cl,-4.306
O=C(O)C1(O)c2ccccc2-c2ccc(Cl)cc21,-4.1610000000000005
CC(=O)Oc1c(C(C)(C)C)cc([N+](=O)[O-])c(C)c1[N+](=O)[O-],-4.472
CCOP(=S)(OCC)SCCS(=O)(=O)CC,-2.54
CCOP(=S)(OCC)SCC[S+]([O-])CC,-1.861
Cc1cccc2ccc3cc4ccccc4cc3c12,-6.644
O=C(O)c1cc(Cl)ccc1[N+](=O)[O-],-1.319
CCCCOP(=O)(OCCCC)Oc1ccccc1,-3.475
Cc1ccc2c(ccc3ccccc32)c1,-5.837000000000001
Cc1c2ccccc2cc2c1ccc1ccccc12,-7.343
Cc1cc(O)ccc1[N+](=O)[O-],-2.11
CCOP(=O)(OCC)SC[S+]([O-])CC,-1.5119999999999998
CCOC(=O)C(SP(=S)(OC)OC)c1ccccc1,-3.205
CC(=O)Nc1ccc(OC(C)=O)cc1,-1.908
CNC(=O)Oc1cc(C)cc(C(C)C)c1,-3.357
CNC(=O)Oc1ccccc1C(C)C,-2.684
COP(=S)(OC)Oc1ccc(C#N)cc1,-3.723
CCOP(=S)(OCC)SCn1nnc2ccccc2c1=O,-4.517
Nc1cc2c3ccccc3ccc2c2ccccc12,-6.196000000000001
CNC(=O)Oc1cc(C)cc(C)c1,-2.5810000000000004
COc1cc(Cl)c(OC)cc1Cl,-4.413
CCCCCCCCCCCCN1CCCC1=O,-4.67
COc1coc(CSP(=O)(OC)OC)cc1=O,0.528
CC1CNC(C)CN1,0.486
CC(=O)Nc1ccc(N=Nc2cc(C)ccc2O)cc1,-5.358
O=C(O)CCCCCCCCCCBr,-3.699
COc1cc(N)c2c(c1N)C(=O)c1ccccc1C2=O,-5.746
CCN(CCO)c1ccc(N=Nc2ccc([N+](=O)[O-])cc2)cc1,-6.292999999999999
CCOP(=S)(OCC)Oc1nc(Cl)c(Cl)cc1Cl,-5.496
Clc1ccc(-c2ccccc2)cc1Cl,-6.39
O=C(O)COc1cccc(Cl)c1Cl,-2.809
O=Cc1ccc(O)c([N+](=O)[O-])c1,-2.949
CON(C)C(=O)Nc1ccc(Br)cc1,-2.895
C=CCCCC=C,-3.34
CC1CCCC(C)(C)C1,-4.853
Cc1ccc(N(CCO)CCO)cc1,-0.91
CC(C)(C)CCCO,-1.551
O=C(c1ccccc1O)N1CCOCC1,-1.704
Clc1c(Cl)c(Cl)c2c(c1Cl)Oc1c(Cl)c(Cl)c(Cl)c(Cl)c1O2,-12.06
OCC(CO)(CBr)CBr,-0.838
COC(=O)NS(=O)(=O)c1ccc(N)cc1,-1.663
Oc1cc(Cl)ccc1Oc1ccc(Cl)cc1Cl,-4.462
COP(=S)(OC)Oc1ccc(Sc2ccc(OP(=S)(OC)OC)cc2)cc1,-6.237
C#CCCCCCCC,-4.093999999999999
Clc1c(Cl)c(Cl)c2nccnc2c1Cl,-5.428
CC(C)CCC(C)(C)C,-5.047
CNC(=O)Oc1ccc(SC)c(C)c1,-3.973
O=C(C(Cl)Cl)N(CCO)Cc1ccc(Oc2ccc([N+](=O)[O-])cc2)cc1,-5.124
Cc1cc2ccccc2c2ccc3ccccc3c12,-6.5920000000000005
Cc1c(C)c2c3ccccc3ccc2c2ccccc12,-7.011
CC=CC(=O)O,0.0
CCOP(=O)(OCC)SCC(=O)NC(C)(C)C#N,-0.624
C#CC(C)N(C)C(=O)Nc1ccc(Cl)cc1,-3.897
CCC(C)c1ccccc1OC(=O)NC,-2.497
Cc1cc(N(CCO)CCO)ccc1N=Nc1ccc([N+](=O)[O-])cc1Cl,-6.57
COc1cc(NS(=O)(=O)c2ccc(N)cc2)nc(C)n1,-2.543
COP1(=S)OCc2ccccc2O1,-3.571
CCC(O)C(C)(C)C,-1.151
O=C(O)COc1c(Cl)ccc(Cl)c1Cl,-2.62
COc1cc(O)c(C(=O)c2ccccc2)cc1S(=O)(=O)O,-0.091
CCSc1nc(NC(C)C)nc(NC(C)C)n1,-4.203
CCCCCCCI,-4.81
CC1CCC(C)(C)C1,-4.478
CCCCN(CC)N=O,-1.035
CC12CCC(C1)C(C)(C)C2=O,-1.85
CCCN(CCC)c1c([N+](=O)[O-])cc(S(C)(=O)=O)cc1[N+](=O)[O-],-5.76
O=C(O)c1cccc(Cl)c1[N+](=O)[O-],-2.632
OCc1cccc2ccccc12,-1.744
CC=CC#N,-0.429
C=CC(O)CCC,-0.599
CCOP(=S)(OCC)Oc1cc(Cl)c(Br)cc1Cl,-5.952000000000001
Cc1cccc(O)c1[N+](=O)[O-],-1.641
CC(=O)Nc1ccc(OC(=O)c2ccccc2OC(C)=O)cc1,-4.195
CC(C(=O)O)c1ccc(-c2ccccc2)c(F)c1,-4.485
O=[N+]([O-])c1cc(S(=O)(=O)Nc2ccccc2)ccc1Nc1ccccc1,-6.269
CCOP(=S)(OCC)N1C(=O)c2ccccc2C1=O,-3.352
C=CCCBr,-2.247
CCCCc1c(C)nc(N(C)C)nc1O,-2.242
CC1=C(C(=O)Nc2ccccc2)SCCO1,-3.141
CC1=C(C(=O)Nc2ccccc2)S(=O)(=O)CCO1,-2.427
CC(C)=CCCC(C)=CC=O,-2.055
CCCCC(C)(O)CC,-1.6
COP(=S)(OC)Oc1nc(Cl)c(Cl)cc1Cl,-4.831
CCOC1CC1,-0.6409999999999999
CC[S+]([O-])CSP(=S)(OC(C)C)OC(C)C,-2.307
CC(C)OC(=O)C(O)(c1ccc(Cl)cc1)c1ccc(Cl)cc1,-4.53
O=c1oc2ccccc2c(O)c1C1CCCc2ccccc21,-4.864
Cc1[nH]c(=O)n(C(C)(C)C)c(=O)c1Cl,-2.485
CCNc1nc(Cl)nc(NC(C)(C)C)n1,-4.402
CCCC(C)O,-0.296
Cc1cc(Cl)ccc1N=CN(C)C,-2.862
CC(C)Nc1nc(N)nc(Cl)n1,-2.7060000000000004
CC(Cl)=CC(=O)O,-0.605
O=NCc1ccc([N+](=O)[O-])o1,-2.193
CNCC(O)C(O)C(O)C(O)CO,0.7090000000000001
CCNc1nc(Cl)nc(NCC(=O)OCC)n1,-2.937
N#CCCN(CCO)c1ccc(N=Nc2ccc([N+](=O)[O-])cc2Cl)cc1,-6.13
CCC(C)OC,-0.73
O=C(O)CC(O)C(=O)O,0.873
CNC(=O)C=C(C)OP(=O)(OC)OC,0.6509999999999999
CNC(=O)Oc1ccccc1C1OCCO1,-1.571
Clc1ccc(Oc2ccccc2)cc1,-4.793
Clc1ccc(-c2ccc(Cl)cc2Cl)cc1,-5.979
CCCCN(C)N=O,-0.7
Cc1cc(O)c([N+](=O)[O-])cc1Cl,-4.39
COC(=O)c1cc(Cl)cc(N)c1Cl,-3.263
CSc1nc(NC(C)C)nc(NC(C)C)n1,-3.864
CCCC(C)(C)C(=O)Nc1ccc(Cl)cc1,-4.022
CCCOP(=O)(OCCC)Oc1ccc(SC)cc1,-3.386
CC(Cl)C(C)Cl,-2.354
CC(C)=CC1C(C(=O)OCN2C(=O)C3=C(CCCC3)C2=O)C1(C)C,-4.8580000000000005
COP(=O)(OC)OC(C)=CC(=O)OC(C)c1ccccc1,-2.497
O=C1c2ccccc2C(=O)C1c1ccc2ccccc2n1,-6.209
Cc1cc(=O)[nH]o1,-0.067
COP(N)(=O)SC,0.85
CCOP(=S)(OCC)SC(CCl)N1C(=O)c2ccccc2C1=O,-6.34
Nc1cc([N+](=O)[O-])ccc1Br,-3.5580000000000003
CCOP(=S)(OCC)SC[S+]([O-])C(C)(C)C,-2.442
CCN(C)N=O,0.532
COC(=O)Nc1nc2ccccc2[nH]1,-3.834
COc1ccc(C(O)(c2cncnc2)C2CC2)cc1,-2.596
Clc1ccccc1-c1ccccc1Cl,-5.081
CCOP(=S)(Oc1ccc(C#N)cc1)c1ccccc1,-5.704
CCOP(=S)(OCC)SCSC(C)(C)C,-4.755
CCCSP(=O)(OCC)SCCC,-2.509
CON(C)C(=O)Nc1ccc(Br)c(Cl)c1,-3.924
CC1(C)Cc2cccc([N+](=O)[O-])c2O1,-3.207
CC1CCOC1,0.09
CCOP(=S)(OCC)Oc1cnc2ccccc2n1,-4.132
O=P(OC(CCl)CCl)(OC(CCl)CCl)OC(CCl)CCl,-4.789
CCOC(=O)Nc1cccc(OC(=O)Nc2ccccc2)c1,-4.632
COC(=O)Nc1cccc(OC(=O)Nc2cccc(C)c2)c1,-4.779
CC(=O)OC1(C(C)=O)CCC2C3C=C(Cl)C4=CC(=O)C=CC4(C)C3CCC21C,-4.945
FC(F)OC(F)(F)C(F)Cl,-1.516
CCC(C)N,0.185
CN1c2ccccc2Sc2ccc(CC(=O)O)cc21,-3.942
CC1CCC(C(C)C)C(=O)C1,-2.492
c1ccc2c(c1)OCCOCCOc1ccccc1OCCOCCO2,-4.6930000000000005
CCCC(CC)(CC)CO,-2.419
COc1ccc(Oc2ccc(NC(=O)N(C)C)cc2)cc1,-4.156000000000001
CCOP(=S)(OCC)Oc1ccc(S(C)(=O)=O)cc1,-2.638
Cc1cccc(C)c1NC(=O)c1cc(S(N)(=O)=O)c(Cl)cc1O,-3.787
CN1CCC23c4c5ccc(OCc6ccccc6)c4OC2C(O)C=CC3C1C5,-2.9730000000000003
CCCCCCCOC(=O)c1ccc(N)cc1,-4.6
CCCCCCCCOC(=O)c1ccc(N)cc1,-5.4
COC(=O)C(Cl)Cc1ccc(Cl)cc1,-3.765
Cc1ccccc1Oc1cccnn1,-1.969
CCOP(=S)(OCC)ON=C(C#N)c1ccccc1,-4.63
OCc1c(Cl)cccc1Cl,-2.102
CCN(CC)C(=O)C(C)Oc1cccc2ccccc12,-3.57
O=C(Nc1ccccc1)c1ccccc1I,-4.208
O=[N+]([O-])c1ccc(Oc2ccc(C(F)(F)F)cc2[N+](=O)[O-])cc1,-5.215
Cc1ccc(NC(=O)N(C)C)cc1Cl,-3.483
Clc1cc(Cl)c(-c2ccccc2)cc1Cl,-6.199
CCCCC(C)(C)CCC,-4.811
OCC(O)C1OC2OC(C(Cl)(Cl)Cl)OC2C1O,-1.843
Clc1cccc(Cl)c1-c1c(Cl)cccc1Cl,-7.39
CCc1cccc(CC)c1N(COC)C(=O)CCl,-3.051
O=C(O)CC(Cl)C(=O)O,0.077
CCNC(=O)C(C)OC(=O)Nc1ccccc1,-1.829
Clc1cccc(-c2ccccc2)c1Cl,-5.35
Clc1ccc(-c2cc(Cl)ccc2Cl)cc1,-6.256
CNC(=O)ON=C(C)SC,-0.447
CCOP(=O)(Sc1ccccc1)Sc1ccccc1,-3.3310000000000004
CC(C)OC(C)(C)C,-2.366
Cc1ccccc1N1C(=O)c2cc(S(N)(=O)=O)c(Cl)cc2NC1C,-3.783
O=[N+]([O-])c1ccc(Cl)c(Cl)c1Cl,-3.94
CCCCNC(=O)n1c(NC(=O)OC)nc2ccccc21,-4.883
COP(=S)(OC)Oc1cc(Cl)c(I)cc1Cl,-6.6160000000000005
CC(C)OC(=O)C(O)(c1ccc(Br)cc1)c1ccc(Br)cc1,-4.933
CC(C)(C)NCC(O)c1ccc(O)c(CO)c1,-1.224
CNC(=O)N(C)c1nc2ccccc2s1,-3.574
O=[N+]([O-])c1c(Cl)cc(Cl)cc1Cl,-4.559
CCCN(CCC)c1c([N+](=O)[O-])cc(S(N)(=O)=O)cc1[N+](=O)[O-],-3.61
CCC(C)C(O)C(C)CC,-2.51
CC(C)Oc1cc(-n2nc(C(C)(C)C)oc2=O)c(Cl)cc1Cl,-5.693
COc1ccc(NC(=O)N(C)C)cc1Cl,-2.5810000000000004
Clc1c(Cl)c(Cl)c2ccccc2c1Cl,-7.795
C=C(CC(Cl)(Cl)Cl)c1ccccc1,-4.282
CSc1nnc(C(C)(C)C)c(=O)n1N,-2.245
COP(=S)(Oc1cc(Cl)c(Br)cc1Cl)c1ccccc1,-7.138
CCNc1nc(Cl)nc(NC(C)(C)C#N)n1,-3.151
CC(C(=O)O)c1cccc(C(=O)c2ccccc2)c1,-3.698
COc1ccc2cc(C(C)C(=O)O)ccc2c1,-4.1610000000000005
CCOC(=O)C(C)N(C(=O)c1ccccc1)c1ccc(Cl)c(Cl)c1,-4.263
CCOP(=O)(NC(C)C)Oc1ccc(SC)c(C)c1,-2.965
CNC(=O)Oc1cccc(N=CN(C)C)c1,-1.546
CNC(=O)Oc1cccc2c1OC(C)(C)O2,-3.747
COc1ccc(CC2NCC(O)C2OC(C)=O)cc1,-1.608
CCNc1nc(NC(C)C(C)C)nc(SC)n1,-3.708
O=C(Cn1ccnc1[N+](=O)[O-])NCc1ccccc1,-2.813
Cc1nc(N(C)C)nc(OC(=O)N(C)C)c1C,-1.946
CNC(=O)ON=C(SC)C(=O)N(C)C,0.106
CCCCOCN(C(=O)CCl)c1c(CC)cccc1CC,-4.1930000000000005
CCOP(=S)(OCC)Oc1cc(C)nc(N(CC)CC)n1,-4.924
COP(=O)(OC)OC1=C(Cl)C2C=CCC12,-2.001
O=C(O)c1cnc(O)nc1O,-1.938
CCCCc1c(C)nc(NCC)nc1O,-3.02
C#CC(C)(C)NC(=O)c1cc(Cl)cc(Cl)c1,-4.232
CCOP(=S)(OCC)Oc1ncn(-c2ccccc2)n1,-4.102
CCCOP(=S)(OCCC)SCC(=O)N1CCCCC1C,-4.15
CC1=C(C(=O)Nc2ccccc2)CCCO1,-2.559
Cc1occc1C(=O)Nc1ccccc1,-3.304
CC(C)N1C(=O)c2ccccc2NS1(=O)=O,-2.682
CCOP(=S)(NC(C)C)Oc1ccccc1C(=O)OC(C)C,-4.194
CNC(=O)N(C)c1nnc(C(F)(F)F)s1,-2.0580000000000003
Clc1cccc(-c2ccccc2Cl)c1,-5.585
CC(C)OP(=O)(OC(C)C)SCc1ccccc1,-2.858
CCOC1Oc2ccc(OS(C)(=O)=O)cc2C1(C)C,-3.4160000000000004
CCNc1nc(NC(C)CC)nc(OC)n1,-2.575
CCCN(CC1CC1)c1c([N+](=O)[O-])cc(C(F)(F)F)cc1[N+](=O)[O-],-6.541
FC(F)OC(Cl)C(F)(F)F,-1.616
O=C1OCc2c(Cl)c(Cl)c(Cl)c(Cl)c21,-5.037
O=C1C(Cl)=C(NC(=O)C(Cl)Cl)C(=O)c2ccccc21,-5.026
CCN(CC)C(=O)SCc1ccc(Cl)cc1,-3.964
CCN(CC)c1c([N+](=O)[O-])cc(C(F)(F)F)c(N)c1[N+](=O)[O-],-5.4670000000000005
CCCN(CCC)c1c([N+](=O)[O-])cc(C(F)(F)F)c(N)c1[N+](=O)[O-],-7.43
CCN(CC)c1nc(C)cc(OP(=S)(OC)OC)n1,-4.133
CCSCc1ccccc1OC(=O)NC,-2.093
CCS(=O)(=O)c1nnc(N(C)C(=O)NC)s1,-1.945
O=C(OCCOCCO)c1ccccc1Nc1cccc(C(F)(F)F)c1,-5.363
COP(=O)(NC(C)=O)SC,0.65
Clc1c(Cl)c(Cl)c2c(c1Cl)Oc1ccccc1O2,-8.708
Clc1ccc(-c2cc(Cl)c(Cl)cc2Cl)cc1Cl,-7.387
Clc1ccc(-c2ccc(Cl)c(Cl)c2)c(Cl)c1,-6.9
Clc1ccc(Cl)c(-c2ccc(Cl)c(Cl)c2)c1,-6.853
Clc1ccc(-c2ccc(Cl)c(Cl)c2)cc1Cl,-8.71
Clc1ccc(-c2cc(Cl)c(Cl)cc2Cl)cc1,-7.77
Clc1cc(-c2cc(Cl)c(Cl)c(Cl)c2)cc(Cl)c1Cl,-8.85
CC12CC1(C)C(=O)N(c1cc(Cl)cc(Cl)c1)C2=O,-4.8
COc1cc(Oc2ccc(Cl)cc2Cl)ccc1[N+](=O)[O-],-6.02
Clc1ccc(-c2ccc(Cl)c(Cl)c2Cl)cc1,-6.875
CCc1ccccc1NC(C)=O,-1.591
Clc1cccc(Cl)c1-c1ccccc1,-4.966
CCCN(CCCl)c1c([N+](=O)[O-])cc(C(F)(F)F)cc1[N+](=O)[O-],-4.551
Clc1ccc(-c2ccccc2)c(Cl)c1,-5.287999999999999
Clc1cc(-c2ccccc2)c(Cl)c(Cl)c1Cl,-7.319
CCC(C)Nc1c([N+](=O)[O-])cc(C(C)(C)C)cc1[N+](=O)[O-],-5.47
CCNc1nc(NC(C)(C)C)nc(OC)n1,-3.239
CCCN(CCC)c1c([N+](=O)[O-])cc(C(C)C)cc1[N+](=O)[O-],-6.49
Clc1cc(Cl)c(-c2c(Cl)cc(Cl)cc2Cl)c(Cl)c1,-8.947000000000001
CNC(=O)N(C)c1nnc(C(C)(C)C)s1,-1.997
CC(C)c1ccc(NC(=O)N(C)C)cc1,-3.536
C=CC(=O)Oc1c(Br)cc(Cl)c2cccnc12,-4.717
Clc1ccc(Cl)c(-c2ccccc2)c1,-5.299
Clc1ccc(-c2ccccc2Cl)cc1,-5.28
Clc1cc(Cl)c(-c2cc(Cl)c(Cl)cc2Cl)cc1Cl,-8.58
Clc1cc(Cl)c(-c2ccc(Cl)c(Cl)c2Cl)cc1Cl,-8.381
O=C(NC(=O)c1c(F)cccc1F)Nc1ccc(Cl)cc1,-6.015
Clc1cc(Cl)c(-c2ccccc2)c(Cl)c1,-6.009
Clc1ccc(Cl)c(-c2cc(Cl)ccc2Cl)c1,-7.281000000000001
Clc1ccc(-c2cc(Cl)c(Cl)c(Cl)c2Cl)c(Cl)c1,-8.52
Clc1cc2c(c(Cl)c1Cl)Oc1c(Cl)c(Cl)c(Cl)c(Cl)c1O2,-11.248
O=C(O)CCC(=O)c1ccc(-c2ccccc2)cc1,-5.061
CCOP(=S)(NC(C)CC)Oc1cc(C)ccc1[N+](=O)[O-],-4.814
CCOP(=O)(Oc1ccc(Cl)cc1Cl)Oc1ccc(Cl)cc1Cl,-5.774
CCC#CC(C)C,-2.745
COP(=S)(OC)SCCSC(C)C,-3.429
CCCCCCCCCCCCCCCCO,-7.257999999999999
CCC(C)N(C(=O)SCc1ccccc1)C(C)CC,-5.048
CCCCCCCCCOC(=O)c1ccc(N)cc1,-6.001
Clc1ccc(Cl)c(-c2ccccc2Cl)c1,-5.809
Clc1ccc(-c2ccccc2Cl)c(Cl)c1,-6.49
Clc1ccc(Cl)c(-c2cc(Cl)c(Cl)cc2Cl)c1,-7.326
C=CCN(CC=C)C(=O)C(Cl)Cl,-1.619
CC1=C(CC(=O)O)c2cc(F)ccc2C1=Cc1ccc([S+](C)[O-])cc1,-4.552
Nc1cc(N2CCCCC2)nc(N)[n+]1[O-],-1.982
Clc1ccc(Cl)c(-c2c(Cl)ccc(Cl)c2Cl)c1,-7.19
Clc1ccc(-c2cc(Cl)c(Cl)cc2Cl)c(Cl)c1,-7.95
Clc1ccc(Cl)c(-c2ccc(Cl)c(Cl)c2Cl)c1,-7.045
Clc1ccc(-c2c(Cl)ccc(Cl)c2Cl)cc1Cl,-7.65
Clc1cc(Cl)c(-c2c(Cl)ccc(Cl)c2Cl)cc1Cl,-7.93
Clc1ccc(-c2ccc(Cl)c(Cl)c2Cl)c(Cl)c1Cl,-9.013
Clc1ccc(Cl)c(-c2c(Cl)ccc(Cl)c2Cl)c1Cl,-7.903
Clc1ccccc1-c1c(Cl)cccc1Cl,-5.9
Clc1ccc(-c2c(Cl)cccc2Cl)cc1,-6.209
Clc1ccccc1-c1cccc(Cl)c1Cl,-5.944
Clc1cccc(-c2cc(Cl)ccc2Cl)c1,-6.007999999999999
Clc1ccc(-c2cccc(Cl)c2Cl)cc1,-6.259
Clc1ccc(-c2ccccc2Cl)cc1Cl,-6.287000000000001
Clc1cccc(-c2cccc(Cl)c2Cl)c1Cl,-7.272
CCOC(=O)CN(C(=O)CCl)c1c(CC)cccc1CC,-3.4730000000000003
CC1=C(C(=O)O)N2C(=O)C(NC(=O)C(N)C3=CCC=CC3)C2SC1,-1.215
Clc1cc2c(cc1Cl)Oc1c(Cl)c(Cl)c(Cl)c(Cl)c1O2,-10.949000000000002
Clc1ccc2c(c1)Oc1ccccc1O2,-5.836
Clc1cc(Cl)c2c(c1Cl)Oc1ccccc1O2,-7.534
Clc1ccc2c(c1)Oc1c(Cl)c(Cl)c(Cl)c(Cl)c1O2,-9.473
CC1(C)C(C(=O)OC(C#N)c2cccc(Oc3ccccc3)c2)C1(C)C,-6.025
CCOP(=O)(OCC)SCn1nnc2ccccc2c1=O,-1.993
CCC(CC)Nc1c([N+](=O)[O-])cc(C)c(C)c1[N+](=O)[O-],-5.972
COC(C)(C)CCCC(C)CC=CC(C)=CC(=O)OC(C)C,-5.346
CCOC(=O)C=C(C)C=CCC(C)CCCC(C)C,-5.693
CCCSP(=O)(OCC)Oc1ccc(Br)cc1Cl,-4.125
COc1ccc(C(=O)c2cccc(C)c2)cc1C,-5.08
Clc1ccc(Cl)c(-c2cccc(Cl)c2Cl)c1,-6.465
Clc1ccc(-c2cc(Cl)ccc2Cl)c(Cl)c1,-6.573
Clc1cc(Cl)c(-c2cccc(Cl)c2Cl)cc1Cl,-7.06
Cc1cccc2sc3nncn3c12,-2.073
CCOP(=S)(OCC)Oc1nc(Cl)n(C(C)C)n1,-3.32
COC(=O)c1cc(Oc2ccc(Cl)cc2Cl)ccc1[N+](=O)[O-],-5.934
CCOc1cc(Oc2ccc(C(F)(F)F)cc2Cl)ccc1[N+](=O)[O-],-6.558
CC(C)(C)C(=O)C(Oc1ccc(Cl)cc1)n1cncn1,-3.614
CC(C)OC(=O)C(C(=O)OC(C)C)=C1SCCS1,-3.782
COCCN(C(=O)CCl)c1c(C)cccc1C,-2.086
Clc1cc2oc3cc(Cl)c(Cl)cc3c2cc1Cl,-8.646
CCc1cccc(C)c1N(C(=O)CCl)C(C)COC,-2.729
CCCOCCN(C(=O)CCl)c1c(CC)cccc1CC,-3.795
COC(=O)C(C)Oc1ccc(Oc2ccc(Cl)cc2Cl)cc1,-3.834
CNC(=NC#N)NCCSCc1nc[nH]c1C,-1.345
CNC(=O)Oc1ccccc1OC(CCl)OC,-2.301
CC(C)C(C(=O)OC(C#N)c1cccc(Oc2ccccc2)c1)c1ccc(Cl)cc1,-7.242999999999999
CCc1ccc2cc3ccccc3cc2c1,-6.886
CC1(C)C(C=C(Cl)Cl)C1C(=O)OC(C#N)c1cccc(Oc2ccccc2)c1,-8.017000000000001
CC1(C)C(C=C(Cl)Cl)C1C(=O)OCc1cccc(Oc2ccccc2)c1,-6.99
Clc1ccccc1-c1ccc(Cl)c(Cl)c1Cl,-6.83
Clc1cccc(-c2c(Cl)ccc(Cl)c2Cl)c1Cl,-6.78
Clc1cc(Cl)c(Cl)c(-c2c(Cl)ccc(Cl)c2Cl)c1,-7.822
CC(C)OC(=O)C(C)N(C(=O)c1ccccc1)c1ccc(F)c(Cl)c1,-4.4335
COC(=O)C(C)N(C(=O)c1ccccc1)c1ccc(F)c(Cl)c1,-3.982
CC1(C)C(C=C(Br)Br)C1C(=O)OC(C#N)c1cccc(Oc2ccccc2)c1,-8.402000000000001
Clc1cc2c(Cl)cccc2c(Cl)c1Cl,-7.857
Clc1cc(Cl)c2cc(Cl)cc(Cl)c2c1,-7.822999999999999
CC(=O)Nc1cc(NS(=O)(=O)C(F)(F)F)c(C)cc1C,-3.237
COCCOc1c(OC)cc(Cc2cnc(N)nc2N)cc1OC,-2.101
CC(C)(C)C(O)C(Oc1ccc(-c2ccccc2)cc1)n1cncn1,-4.829
Clc1cccc(-c2cc(Cl)c(Cl)c(Cl)c2Cl)c1Cl,-8.421
CC(C)(C)C(O)C(Oc1ccc(Cl)cc1)n1cncn1,-3.392
O=C(C1CCCCC1)N1CC(=O)N2CCc3ccccc3C2C1,-2.893
C=C(C)CN(CC)c1c([N+](=O)[O-])cc(C(F)(F)F)cc1[N+](=O)[O-],-6.222
O=C(O)COc1nc(Cl)c(Cl)cc1Cl,-2.766
Clc1ccc(Cl)c(-c2ccccc2)c1Cl,-6.49
Clc1cc(Cl)c2cc(Cl)ccc2c1,-6.556
Clc1cc2c(Cl)ccc(Cl)c2cc1Cl,-7.516
CCC(=O)N(c1ccccc1)C1(COC)CCN(CCc2cccs2)CC1,-3.706
CCOP(=S)(OCC)SCS(=O)(=O)C(C)(C)C,-2.895
CNC(=O)n1cc(F)c(=O)[nH]c1=O,-2.48
COP(=S)(OC)Oc1c(Cl)cc(C)cc1Cl,-5.877000000000001
COc1c(O)cc(Cl)c(Cl)c1Cl,-4.398
COC(=O)C(C)N(C(=O)c1ccco1)c1c(C)cccc1C,-3.117
COCC(=O)N(c1c(C)cccc1C)C(C)C(=O)OC,-1.601
CSC(C)=NOC(=O)N(C)SN(C)C(=O)ON=C(C)SC,-4.269
Cn1cc(-c2ccccc2)c(=O)c(-c2cccc(C(F)(F)F)c2)c1,-4.438
OC(c1ccc(Cl)cc1)(c1cncnc1)c1ccccc1Cl,-4.383
CCCC1COC(Cn2cncn2)(c2ccc(Cl)cc2Cl)O1,-3.4930000000000003
CCC1COC(Cn2cncn2)(c2ccc(Cl)cc2Cl)O1,-3.613
CCN(Cc1c(F)cccc1Cl)c1c([N+](=O)[O-])cc(C(F)(F)F)cc1[N+](=O)[O-],-6.625
OC(c1ccc(F)cc1)(c1cncnc1)c1ccccc1Cl,-4.083
CCCCNC(=O)n1cc(F)c(=O)[nH]c1=O,-2.446
COP(=S)(OC)SCC(=O)N(c1ccc(Cl)cc1)C(C)C,-4.432
CCCCCCCCCc1ccc(OP(=O)(Oc2ccccc2)Oc2ccccc2)cc1,-5.769
NC(=O)COC(=O)c1ccccc1,-1.641
CCNC(=O)COC(=O)c1ccccc1,-2.237
CCN(CC)C(=O)COC(=O)c1ccccc1,-2.071
Clc1ccc(-c2ccc(Cl)c(Cl)c2Cl)c(Cl)c1,-7.62
CCCCOC(=O)N(C)SN(C)C(=O)Oc1cccc2c1OC(C)(C)C2,-4.583
Nc1nc(N)nc(NC2CC2)n1,-1.179
CC(C)Oc1cccc(NC(=O)c2ccccc2C(F)(F)F)c1,-4.532
CCOC(=O)C(C)Oc1ccc(Oc2nc3ccc(Cl)cc3o2)cc1,-5.569
Clc1ccc2c(c1)Oc1cc(Cl)c(Cl)c(Cl)c1O2,-8.874
Cc1cccc(C)c1N(Cn1cccn1)C(=O)CCl,-4.213
CC(Cc1ccc(C(C)(C)C)cc1)CN1CC(C)OC(C)C1,-3.637
CCCN(CCOc1c(Cl)cc(Cl)cc1Cl)C(=O)n1ccnc1,-4.044
CCOC(=O)CNc1nc(Cl)nc(NC(C)C)n1,-2.562
C=CCN(CCC#N)c1cc(NC(C)=O)c(N=Nc2c(Br)cc([N+](=O)[O-])cc2[N+](=O)[O-])cc1OC,-8.9
CC(C)C(Nc1ccc(C(F)(F)F)cc1Cl)C(=O)OC(C#N)c1cccc(Oc2ccccc2)c1,-8.4
CCCCOC(=O)C(C)Oc1ccc(Oc2ccc(C(F)(F)F)cn2)cc1,-5.584
CC(C)C(C(=O)OC(C#N)c1cccc(Oc2ccccc2)c1)c1ccc(OC(F)F)cc1,-6.876
CCn1c(O)c(N=Nc2ccc(Cl)cc2[N+](=O)[O-])c(C)c(C#N)c1=O,-6.69
COC(=O)C(C)N(C(=O)Cc1ccccc1)c1c(C)cccc1C,-3.944
CCOC(=O)NCCOc1ccc(Oc2ccccc2)cc1,-4.7010000000000005
Nc1c([N+](=O)[O-])ccc(Oc2ccccc2)c1Cl,-5.025
COC(=O)c1ccccc1S(=O)(=O)NC(=O)Nc1nc(C)cc(C)n1,-3.084
COC(=O)c1ccccc1S(=O)(=O)NC(=O)Nc1nc(C)nc(OC)n1,-1.604
Clc1cc(Cl)cc(-c2c(Cl)c(Cl)cc(Cl)c2Cl)c1,-8.27
CC(C)(C)C(O)C(Cc1ccc(Cl)cc1Cl)n1cncn1,-4.562
CSCOC(=O)c1ccccc1OC(C)=O,-2.64
CC(=O)Oc1ccccc1C(=O)OCS(C)(=O)=O,-3.394
CCOC(=O)C(C)Oc1ccc(Oc2cnc3cc(Cl)ccc3n2)cc1,-6.093999999999999
OC(Cn1cncn1)(c1ccc(F)cc1)c1ccccc1F,-3.365
CC(C)(C)C(O)C(Cc1ccc(Cl)cc1)n1cncn1,-3.924
COC(=O)c1ccccc1CS(=O)(=O)NC(=O)Nc1nc(OC)cc(OC)n1,-3.534
O=C(NC(=O)c1c(F)cccc1F)Nc1cc(Cl)c(F)c(Cl)c1F,-7.28
Cc1ccccc1COC1CC2(C(C)C)CCC1(C)O2,-3.639
CCON=C(CC)C1=C(O)CC(c2c(C)cc(C)cc2C)CC1=O,-4.74
CCCCCCCCCCCCN1CC(C(=O)OC)CC1=O,-4.376
NS(=O)(=O)c1cc2c(s1)SCCC2=O,-3.552
NS(=O)(=O)c1cc2c(s1)S(=O)(=O)CCC2=O,-3.018
CNC(=O)COC(=O)c1ccccc1,-1.7180000000000002
CCCNC(=O)COC(=O)c1ccccc1,-2.539
CN(C)C(=O)COC(=O)c1ccccc1,-1.372
NS(=O)(=O)c1ccc(SCCO)cc1,-1.824
NS(=O)(=O)c1ccc(S(=O)(=O)CCO)cc1,-1.604
NS(=O)(=O)c1ccc(SCCCO)cc1,-2.247
CC(C)(O)CCSc1ccc(S(N)(=O)=O)cc1,-2.838
NS(=O)(=O)c1ccc(SCCCCCO)cc1,-2.662
NS(=O)(=O)c1ccc(S(=O)(=O)CCCO)cc1,-1.589
CC(C)(O)CCS(=O)(=O)c1ccc(S(N)(=O)=O)cc1,-1.944
NS(=O)(=O)c1ccc(SCCO)c([N+](=O)[O-])c1,-2.7460000000000004
NS(=O)(=O)c1ccc(SCCCO)c([N+](=O)[O-])c1,-3.466
NS(=O)(=O)c1ccc(SCCO)c(F)c1,-1.622
NS(=O)(=O)c1ccc(SCCCO)c(F)c1,-2.47
NS(=O)(=O)c1ccc(SCCCCO)c(F)c1,-2.446
NS(=O)(=O)c1ccc(S(=O)(=O)CCO)c(F)c1,-1.934
NS(=O)(=O)c1ccc(S(=O)(=O)CCCO)c(F)c1,-1.654
CCCCCCN1CC(C(=O)O)CC1=O,-1.456
COc1ccc(C(=O)c2csc(S(N)(=O)=O)c2)cc1,-4.473
