DrugBank ID,Name,CAS Number,Drug Groups,InChIKey,InChI,SMILES,Formula,KEGG Compound ID,KEGG Drug ID,PubChem Compound ID,PubChem Substance ID,ChEBI ID,ChEMBL ID,HET ID,ChemSpider ID,BindingDB ID,Canon_SMILES,exp_LogP,exp_LogS,Solubility,Molecular Weight,Calc_logS,pred_logS
DB00130,L-Glutamine,56-85-9,approved; investigational; nutraceutical,ZDXPYRJPNDTMRX-VKHMYHEASA-N,"InChI=1S/C5H10N2O3/c6-3(5(9)10)1-2-4(7)8/h3H,1-2,6H2,(H2,7,8)(H,9,10)/t3-/m0/s1",N[C@@H](CCC(N)=O)C(O)=O,C5H10N2O3,C00064,D00015,5961,46505866,18050,CHEMBL930,GLN,5746,18121,NC(=O)CC[C@H](N)C(=O)O,-3.64,-0.55,4.13E+004 mg/L (at 25 ?),146.1445,-1.2637,-0.305947781
DB00134,Methionine,63-68-3,approved; nutraceutical,FFEARJCKVFRZRR-BYPYZUCNSA-N,"InChI=1S/C5H11NO2S/c1-9-3-2-4(6)5(7)8/h4H,2-3,6H2,1H3,(H,7,8)/t4-/m0/s1",CSCC[C@H](N)C(O)=O,C5H11NO2S,C00073,D00019,6137,46505750,57844,CHEMBL42336,MET,5907,50142500,CSCC[C@H](N)C(=O)O,-1.87,-0.42,5.66E+004 mg/L (at 25 ?),149.211,-0.9694,-0.348424583
DB00135,Tyrosine,60-18-4,approved; investigational; nutraceutical,OUYCCCASQSFEME-QMMMGPOBSA-N,"InChI=1S/C9H11NO3/c10-8(9(12)13)5-6-1-3-7(11)4-2-6/h1-4,8,11H,5,10H2,(H,12,13)/t8-/m0/s1",N[C@@H](CC1=CC=C(O)C=C1)C(O)=O,C9H11NO3,C00082,D00022,6057,46507885,17895,CHEMBL925,TYR,5833,18129,N[C@@H](Cc1ccc(O)cc1)C(=O)O,-2.26,-2.57,479 mg/L (at 25 ?),181.1885,-5.9356,-1.766064158
DB00140,Riboflavin,83-88-5,approved; investigational; nutraceutical; vet_approved,AUNGANRZJHBGPY-SCRDCRAPSA-N,"InChI=1S/C17H20N4O6/c1-7-3-9-10(4-8(7)2)21(5-11(23)14(25)12(24)6-22)15-13(18-9)16(26)20-17(27)19-15/h3-4,11-12,14,22-25H,5-6H2,1-2H3,(H,20,26,27)/t11-,12+,14-/m0/s1",CC1=C(C)C=C2N(C[C@H](O)[C@H](O)[C@H](O)CO)C3=NC(=O)NC(=O)C3=NC2=C1,C17H20N4O6,C00255,D00050,493570,46507342,17015,CHEMBL1534,RBF,431981,50362895,Cc1cc2nc3c(=O)[nH]c(=O)nc-3n(C[C@H](O)[C@H](O)[C@H](O)CO)c2cc1C,-1.46,-3.68,84.7 mg/L (at 25 ?),376.3639,-8.3992,-3.245564078
DB00150,Tryptophan,73-22-3,approved; nutraceutical; withdrawn,QIVBCDIJIAJPQS-VIFPVBQESA-N,"InChI=1S/C11H12N2O2/c12-9(11(14)15)5-7-6-13-10-4-2-1-3-8(7)10/h1-4,6,9,13H,5,12H2,(H,14,15)/t9-/m0/s1",N[C@@H](CC1=CNC2=C1C=CC=C2)C(O)=O,C11H12N2O2,C00078,D00020,6305,46508329,16828,CHEMBL54976,TRP,6066,21974,N[C@@H](Cc1c[nH]c2ccccc12)C(=O)O,-1.06,-1.23,1.34E+004 mg/L (at 25 ?),204.2252,-2.724,-2.615736466
DB00156,Threonine,72-19-5,approved; nutraceutical,AYFVYJQAPQTCCC-GBXIJSLDSA-N,"InChI=1S/C4H9NO3/c1-2(6)3(5)4(7)8/h2-3,6H,5H2,1H3,(H,7,8)/t2-,3+/m1/s1",C[C@@H](O)[C@H](N)C(O)=O,C4H9NO3,C00188,D00041,6288,46506798,16857,CHEMBL291747,THR,6051,,C[C@@H](O)[C@H](N)C(=O)O,-2.94,-0.09,9.7E+004 mg/L (at 25 ?),119.1192,-0.2054,-0.053808684
DB00174,Asparagine,70-47-3,approved; investigational; nutraceutical,DCXYFEDJOCDNAF-REOHCLBHSA-N,"InChI=1S/C4H8N2O3/c5-2(4(8)9)1-3(6)7/h2H,1,5H2,(H2,6,7)(H,8,9)/t2-/m0/s1",N[C@@H](CC(N)=O)C(O)=O,C4H8N2O3,C00152,,6267,46507804,58048,CHEMBL58832,41Q,6031,181137,NC(=O)C[C@H](N)C(=O)O,-3.82,-0.74,2.94E+004 mg/L (at 25 ?),132.1179,-1.5027,-0.228543944
DB00184,Nicotine,54-11-5,approved,SNICXCGAKADSCV-JTQLQIEISA-N,"InChI=1S/C10H14N2/c1-12-7-3-5-10(12)9-4-2-6-11-8-9/h2,4,6,8,10H,3,5,7H2,1H3/t10-/m0/s1",CN1CCC[C@H]1C1=CN=CC=C1,C10H14N2,C00745,D03365,89594,46506924,17688,CHEMBL3,NCT,80863,82070,CN1CCC[C@H]1c1cccnc1,1.17,0.79,1E+006 mg/L,162.2316,1.8187,0.6214548818014337
DB00199,Erythromycin,114-07-8,approved; investigational; vet_approved,ULGZDMOVFRHVEP-RWJQBGPGSA-N,"InChI=1S/C37H67NO13/c1-14-25-37(10,45)30(41)20(4)27(39)18(2)16-35(8,44)32(51-34-28(40)24(38(11)12)15-19(3)47-34)21(5)29(22(6)33(43)49-25)50-26-17-36(9,46-13)31(42)23(7)48-26/h18-26,28-32,34,40-42,44-45H,14-17H2,1-13H3/t18-,19-,20+,21+,22-,23+,24+,25-,26+,28-,29+,30-,31+,32-,34+,35-,36-,37-/m1/s1",CC[C@H]1OC(=O)[C@H](C)[C@@H](O[C@H]2C[C@@](C)(OC)[C@@H](O)[C@H](C)O2)[C@H](C)[C@@H](O[C@@H]2O[C@H](C)C[C@@H]([C@H]2O)N(C)C)[C@](C)(O)C[C@@H](C)C(=O)[C@H](C)[C@@H](O)[C@]1(C)O,C37H67NO13,C01912,D00140,12560,46508487,42355,CHEMBL532,ERY,12041,50344942,CC[C@H]1OC(=O)[C@H](C)[C@@H](O[C@H]2C[C@@](C)(OC)[C@@H](O)[C@H](C)O2)[C@H](C)[C@@H](O[C@@H]2O[C@H](C)C[C@H](N(C)C)[C@H]2O)[C@](C)(O)C[C@@H](C)C(=O)[C@H](C)[C@@H](O)[C@]1(C)O,2.6,-3.2,Soluble in water at 2mg/ml,733.9268,-5.9053,-3.515181693
DB00215,Citalopram,59729-33-8,approved,WSEQXVZVJXJVFP-UHFFFAOYSA-N,"InChI=1S/C20H21FN2O/c1-23(2)11-3-10-20(17-5-7-18(21)8-6-17)19-9-4-15(13-22)12-16(19)14-24-20/h4-9,12H,3,10-11,14H2,1-2H3",CN(C)CCCC1(OCC2=C1C=CC(=C2)C#N)C1=CC=C(F)C=C1,C20H21FN2O,C07572,D07704,2771,46508746,77397,CHEMBL549,,2669,25870,CN(C)CCCC1(c2ccc(F)cc2)OCc2cc(C#N)ccc21,3.76,-4.7,Sparingly soluble,324.3919,,-3.889205931
DB00255,Diethylstilbestrol,56-53-1,approved; investigational; withdrawn,RGLYKWWBQGJZGM-ISLYRVAYSA-N,"InChI=1S/C18H20O2/c1-3-17(13-5-9-15(19)10-6-13)18(4-2)14-7-11-16(20)12-8-14/h5-12,19-20H,3-4H2,1-2H3/b18-17+",CC\C(=C(\CC)C1=CC=C(O)C=C1)C1=CC=C(O)C=C1,C18H20O2,C07620,D00577,3054,46507453,41922,CHEMBL411,DES,395306,20625,CC/C(=C(/CC)c1ccc(O)cc1)c1ccc(O)cc1,5.07,-4.35,12 mg/L (at 25 ?),268.356,-10.0152,-4.698661042
DB00268,Ropinirole,91374-21-9,approved; investigational,UHSKFQJFRQCDBE-UHFFFAOYSA-N,"InChI=1S/C16H24N2O/c1-3-9-18(10-4-2)11-8-13-6-5-7-15-14(13)12-16(19)17-15/h5-7H,3-4,8-12H2,1-2H3,(H,17,19)",CCCN(CCC)CCC1=C2CC(=O)NC2=CC=C1,C16H24N2O,C07564,D08489,5095,46507918,8888,CHEMBL589,,4916,50020680,CCCN(CCC)CCc1cccc2c1CC(=O)N2,3.06,-2.9,133 mg/mL,260.3746,-0.6718,-2.75307152
DB00273,Topiramate,97240-79-4,approved,KJADKKWYZYXHBB-XBWDGYHZSA-N,"InChI=1S/C12H21NO8S/c1-10(2)18-7-5-16-12(6-17-22(13,14)15)9(8(7)19-10)20-11(3,4)21-12/h7-9H,5-6H2,1-4H3,(H2,13,14,15)/t7-,8-,9+,12+/m1/s1",[H][C@@]12CO[C@@]3(COS(N)(=O)=O)OC(C)(C)O[C@@]3([H])[C@]1([H])OC(C)(C)O2,C12H21NO8S,C07502,D00537,5284627,46508334,63631,CHEMBL220492,TOR,4447672,10887,CC1(C)O[C@@H]2CO[C@@]3(COS(N)(=O)=O)OC(C)(C)O[C@H]3[C@@H]2O1,0.13,-1.7,9.8 mg/mL,339.362,-3.5447,-1.032197264
DB00279,Liothyronine,2/3/6893,approved; vet_approved,AUYYCJSJGJYCDS-LBPRGKRZSA-N,"InChI=1S/C15H12I3NO4/c16-9-6-8(1-2-13(9)20)23-14-10(17)3-7(4-11(14)18)5-12(19)15(21)22/h1-4,6,12,20H,5,19H2,(H,21,22)/t12-/m0/s1",N[C@@H](CC1=CC(I)=C(OC2=CC(I)=C(O)C=C2)C(I)=C1)C(O)=O,C15H12I3NO4,C02465,,5920,46506352,533015,CHEMBL1544,T3,5707,18860,N[C@@H](Cc1cc(I)c(Oc2ccc(O)c(I)c2)c(I)c1)C(=O)O,3,-5.22,Very slightly soluble,650.9735,,-5.594808625
DB00318,Codeine,76-57-3,approved; illicit,OROGSEYTTFOCAN-DNJOTXNNSA-N,"InChI=1S/C18H21NO3/c1-19-8-7-18-11-4-5-13(20)17(18)22-16-14(21-2)6-3-10(15(16)18)9-12(11)19/h3-6,11-13,17,20H,7-9H2,1-2H3/t11-,12+,13-,17-,18-/m0/s1",[H][C@]12C=C[C@H](O)[C@@H]3OC4=C5C(C[C@H]1N(C)CC[C@@]235)=CC=C4OC,C18H21NO3,C06174,D03580,5284371,46507764,16714,CHEMBL485,,4447447,50105098,COc1ccc2c3c1O[C@H]1[C@@H](O)C=C[C@H]4[C@@H](C2)N(C)CC[C@]314,1.39,-1.52,soluble in water,299.3642,,-1.602920006
DB00324,Fluorometholone,426-13-1,approved; investigational,FAOZLTXFLGPHNG-KNAQIMQKSA-N,"InChI=1S/C22H29FO4/c1-12-9-17-15-6-8-21(27,13(2)24)20(15,4)11-18(26)22(17,23)19(3)7-5-14(25)10-16(12)19/h5,7,10,12,15,17-18,26-27H,6,8-9,11H2,1-4H3/t12-,15-,17-,18-,19-,20-,21-,22-/m0/s1",[H][C@@]12CC[C@](O)(C(C)=O)[C@@]1(C)C[C@H](O)[C@@]1(F)[C@@]2([H])C[C@H](C)C2=CC(=O)C=C[C@]12C,C22H29FO4,,D01367,9878,46505984,31625,CHEMBL1200600,,9494,50103631,CC(=O)[C@@]1(O)CC[C@H]2[C@@H]3C[C@H](C)C4=CC(=O)C=C[C@]4(C)[C@@]3(F)[C@@H](O)C[C@@]21C,2,-4.1,30 mg/L (at 25 ?),376.4617,-9.4374,-4.305917864
DB00367,Levonorgestrel,797-63-7,approved; investigational,WWYNJERNGUHSAO-XUDSTZEESA-N,"InChI=1S/C21H28O2/c1-3-20-11-9-17-16-8-6-15(22)13-14(16)5-7-18(17)19(20)10-12-21(20,23)4-2/h2,13,16-19,23H,3,5-12H2,1H3/t16-,17+,18+,19-,20-,21-/m0/s1",[H][C@@]12CC[C@@](O)(C#C)[C@@]1(CC)CC[C@]1([H])[C@@]3([H])CCC(=O)C=C3CC[C@@]21[H],C21H28O2,C08153,D00950,13109,46508082,6443,CHEMBL1389,NOG,12560,50410522,C#C[C@]1(O)CC[C@H]2[C@@H]3CCC4=CC(=O)CC[C@@H]4[C@H]3CC[C@@]21CC,3.8,-4.7,2.05 mg/L,312.4458,-11.9343,-4.897623763
DB00396,Progesterone,57-83-0,approved; vet_approved,RJKFOVLPORLFTN-LEKSSAKUSA-N,"InChI=1S/C21H30O2/c1-13(22)17-6-7-18-16-5-4-14-12-15(23)8-10-20(14,2)19(16)9-11-21(17,18)3/h12,16-19H,4-11H2,1-3H3/t16-,17+,18-,19-,20-,21+/m0/s1",[H][C@@]12CC[C@H](C(C)=O)[C@@]1(C)CC[C@@]1([H])[C@@]2([H])CCC2=CC(=O)CC[C@]12C,C21H30O2,C00410,D00066,5994,46508968,17026,CHEMBL103,STR,5773,8903,CC(=O)[C@H]1CC[C@H]2[C@@H]3CCC4=CC(=O)CC[C@]4(C)[C@H]3CC[C@]12C,3.87,-4.43,<0.1 g/100 mL at 19 ?,314.4617,,-4.672939865
DB00400,Griseofulvin,126-07-8,approved; investigational; vet_approved,DDUHZTYCFQRHIY-RBHXEPJQSA-N,"InChI=1S/C17H17ClO6/c1-8-5-9(19)6-12(23-4)17(8)16(20)13-10(21-2)7-11(22-3)14(18)15(13)24-17/h6-8H,5H2,1-4H3/t8-,17+/m1/s1",COC1=CC(OC)=C(Cl)C2=C1C(=O)[C@]1(O2)[C@H](C)CC(=O)C=C1OC,C17H17ClO6,C06686,D00209,441140,46508437,27779,CHEMBL562,,389934,31775,COC1=CC(=O)C[C@@H](C)[C@]12Oc1c(Cl)c(OC)cc(OC)c1C2=O,2.18,-4.61,8.64 mg/L (at 25 ?),352.766,-10.6172,-4.397192798
DB00413,Pramipexole,104632-26-0,approved; investigational,FASDKYOPVNHBLU-ZETCQYMHSA-N,"InChI=1S/C10H17N3S/c1-2-5-12-7-3-4-8-9(6-7)14-10(11)13-8/h7,12H,2-6H2,1H3,(H2,11,13)/t7-/m0/s1",CCCN[C@H]1CCC2=C(C1)SC(N)=N2,C10H17N3S,,D00559,119570,46505897,8356,CHEMBL301265,G6L,106770,50116766,CCCN[C@H]1CCc2nc(N)sc2C1,1.42,-3.2,freely soluble in water,211.327,,-1.925764738
DB00424,Hyoscyamine,101-31-5,approved,RKUNBYITZUJHSG-FXUDXRNXSA-N,"InChI=1S/C17H23NO3/c1-18-13-7-8-14(18)10-15(9-13)21-17(20)16(11-19)12-5-3-2-4-6-12/h2-6,13-16,19H,7-11H2,1H3/t13-,14+,15+,16-/m1/s1",CN1[C@H]2CC[C@@H]1C[C@@H](C2)OC(=O)[C@H](CO)C1=CC=CC=C1,C17H23NO3,C02046,D00147,154417,46507345,17486,CHEMBL1331216,HYO,10246417,50239982,CN1[C@H]2CC[C@@H]1C[C@H](OC(=O)[C@H](CO)c1ccccc1)C2,,-1.91,3560 mg/L (at 20 ?),289.3694,-4.3979,-1.590536382
DB00443,Betamethasone,378-44-9,approved; vet_approved,UREBDLICKHMUKA-DVTGEIKXSA-N,"InChI=1S/C22H29FO5/c1-12-8-16-15-5-4-13-9-14(25)6-7-19(13,2)21(15,23)17(26)10-20(16,3)22(12,28)18(27)11-24/h6-7,9,12,15-17,24,26,28H,4-5,8,10-11H2,1-3H3/t12-,15-,16-,17-,19-,20-,21-,22-/m0/s1",[H][C@@]12C[C@H](C)[C@](O)(C(=O)CO)[C@@]1(C)C[C@H](O)[C@@]1(F)[C@@]2([H])CCC2=CC(=O)C=C[C@]12C,C22H29FO5,,D00244,9782,46505155,3077,CHEMBL632,,9399,73823,C[C@H]1C[C@H]2[C@@H]3CCC4=CC(=O)C=C[C@]4(C)[C@@]3(F)[C@@H](O)C[C@]2(C)[C@@]1(O)C(=O)CO,1.138,-3.77,66.5 mg/L (at 25 ?),392.4611,-8.683,-3.778002744
DB00446,Chloramphenicol,56-75-7,approved; vet_approved; withdrawn,WIIZWVCIJKGZOK-RKDXNWHRSA-N,"InChI=1S/C11H12Cl2N2O5/c12-10(13)11(18)14-8(5-16)9(17)6-1-3-7(4-2-6)15(19)20/h1-4,8-10,16-17H,5H2,(H,14,18)/t8-,9-/m1/s1",OC[C@@H](NC(=O)C(Cl)Cl)[C@H](O)C1=CC=C(C=C1)[N+]([O-])=O,C11H12Cl2N2O5,C00918,D00104,5959,46505318,17698,CHEMBL130,CLM,5744,23447,O=C(N[C@H](CO)[C@H](O)c1ccc([N+](=O)[O-])cc1)C(Cl)Cl,1.14,-2.11,2500 mg/L (at 25 ?),323.129,-4.8618,-2.543662503
DB00468,Quinine,130-95-0,approved,LOUPRKONTZGTKE-WZBLMQSHSA-N,"InChI=1S/C20H24N2O2/c1-3-13-12-22-9-7-14(13)10-19(22)20(23)16-6-8-21-18-5-4-15(24-2)11-17(16)18/h3-6,8,11,13-14,19-20,23H,1,7,9-10,12H2,2H3/t13-,14-,19-,20+/m0/s1",[H][C@]1(C[C@@H]2CC[N@]1C[C@@H]2C=C)[C@H](O)C1=CC=NC2=CC=C(OC)C=C12,C20H24N2O2,C06526,,3034034,46507493,15854,CHEMBL170,QI9,84989,50367247,C=C[C@H]1C[N@@]2CC[C@H]1C[C@H]2[C@H](O)c1ccnc2ccc(OC)cc12,3.44,-2.76,500 mg/L (at 15 ?),324.4168,-6.4752,-2.815441049
DB00479,Amikacin,37517-28-5,approved; investigational; vet_approved,LKCWBDHBTVXHDL-RMDFUYIESA-N,"InChI=1S/C22H43N5O13/c23-2-1-8(29)20(36)27-7-3-6(25)18(39-22-16(34)15(33)13(31)9(4-24)37-22)17(35)19(7)40-21-14(32)11(26)12(30)10(5-28)38-21/h6-19,21-22,28-35H,1-5,23-26H2,(H,27,36)/t6-,7+,8-,9+,10+,11-,12+,13+,14+,15-,16+,17-,18+,19-,21+,22+/m0/s1",NCC[C@H](O)C(=O)N[C@@H]1C[C@H](N)[C@@H](O[C@H]2O[C@H](CN)[C@@H](O)[C@H](O)[C@H]2O)[C@H](O)[C@H]1O[C@H]1O[C@H](CO)[C@@H](O)[C@H](N)[C@H]1O,C22H43N5O13,C06820,D02543,37768,46506386,2637,CHEMBL177,AKN,34635,50237603,NCC[C@H](O)C(=O)N[C@@H]1C[C@H](N)[C@@H](O[C@H]2O[C@H](CN)[C@@H](O)[C@H](O)[C@H]2O)[C@H](O)[C@H]1O[C@H]1O[C@H](CO)[C@@H](O)[C@H](N)[C@H]1O,,-0.5,50 mg/ml,585.6025,-2.4606,-0.889652102
DB00501,Cimetidine,51481-61-9,approved; investigational,AQIXAKUUQRKLND-UHFFFAOYSA-N,"InChI=1S/C10H16N6S/c1-8-9(16-7-15-8)5-17-4-3-13-10(12-2)14-6-11/h7H,3-5H2,1-2H3,(H,15,16)(H2,12,13,14)",CN\C(NCCSCC1=C(C)NC=N1)=N\C#N,C10H16N6S,C06952,D00295,2756,46505360,3699,CHEMBL30,,2654,50103595,CN/C(=N/C#N)NCCSCc1nc[nH]c1C,0.4,-1.35,9380 mg/L (at 25 ?),252.339,-3.2922,-1.487936214
DB00540,Nortriptyline,72-69-5,approved,PHVGLTMQBUFIQQ-UHFFFAOYSA-N,"InChI=1S/C19H21N/c1-20-14-6-11-19-17-9-4-2-7-15(17)12-13-16-8-3-5-10-18(16)19/h2-5,7-11,20H,6,12-14H2,1H3",CNCCC=C1C2=CC=CC=C2CCC2=CC=CC=C12,C19H21N,C07274,D08288,4543,46507783,7640,CHEMBL445,21B,4384,112777,CNCCC=C1c2ccccc2CCc2ccccc21,3.9,-5.5,0.00087 g/L,263.3767,-12.6206,-4.599127015
DB00564,Carbamazepine,298-46-4,approved; investigational,FFGPTBGBLSHEPO-UHFFFAOYSA-N,"InChI=1S/C15H12N2O/c16-15(18)17-13-7-3-1-5-11(13)9-10-12-6-2-4-8-14(12)17/h1-10H,(H2,16,18)",NC(=O)N1C2=CC=CC=C2C=CC2=CC=CC=C12,C15H12N2O,C06868,D00252,2554,46507583,3387,CHEMBL108,N6W,2457,50003659,NC(=O)N1c2ccccc2C=Cc2ccccc21,2.77,-3.2,,236.2686,,-4.015167534
DB00572,Atropine,51-55-8,approved; vet_approved,RKUNBYITZUJHSG-SPUOUPEWSA-N,"InChI=1S/C17H23NO3/c1-18-13-7-8-14(18)10-15(9-13)21-17(20)16(11-19)12-5-3-2-4-6-12/h2-6,13-16,19H,7-11H2,1H3/t13-,14+,15+,16?",CN1[C@H]2CC[C@@H]1C[C@@H](C2)OC(=O)C(CO)C1=CC=CC=C1,C17H23NO3,C01479,D00113,174174,46507540,78734,CHEMBL517712,OIN,10194105,50403547,CN1[C@H]2CC[C@@H]1C[C@H](OC(=O)C(CO)c1ccccc1)C2,1.83,-2.12,2200 mg/L (at 25 ?),289.3694,-4.8792,-1.553109059
DB00595,Oxytetracycline,79-57-2,approved; investigational; vet_approved,IWVCMVBTMGNXQD-PXOLEDIWSA-N,"InChI=1S/C22H24N2O9/c1-21(32)7-5-4-6-8(25)9(7)15(26)10-12(21)17(28)13-14(24(2)3)16(27)11(20(23)31)19(30)22(13,33)18(10)29/h4-6,12-14,17,25,27-29,32-33H,1-3H3,(H2,23,31)/t12-,13-,14+,17+,21-,22+/m1/s1",[H][C@@]12[C@@H](O)[C@@]3([H])C(C(=O)C4=C(C=CC=C4O)[C@@]3(C)O)=C(O)[C@]1(O)C(=O)C(C(N)=O)=C(O)[C@H]2N(C)C,C22H24N2O9,C06624,,54675779,46507025,133011,CHEMBL1517,OTC,10482174,,CN(C)[C@@H]1C(O)=C(C(N)=O)C(=O)[C@@]2(O)C(O)=C3C(=O)c4c(O)cccc4[C@@](C)(O)[C@H]3[C@H](O)[C@@H]12,-0.9,-3.14,313 mg/L (at 25 ?),460.434,-7.2937,-2.502422775
DB00612,Bisoprolol,66722-44-9,approved,VHYCDWMUTMEGQY-UHFFFAOYSA-N,"InChI=1S/C18H31NO4/c1-14(2)19-11-17(20)13-23-18-7-5-16(6-8-18)12-21-9-10-22-15(3)4/h5-8,14-15,17,19-20H,9-13H2,1-4H3",CC(C)NCC(O)COC1=CC=C(COCCOC(C)C)C=C1,C18H31NO4,C06852,D02342,2405,46508844,3127,CHEMBL645,,2312,25751,CC(C)NCC(O)COc1ccc(COCCOC(C)C)cc1,2.2,-3.7,,325.443,,-2.18226341
DB00618,Demeclocycline,127-33-3,approved,FMTDIUIBLCQGJB-SEYHBJAFSA-N,"InChI=1S/C21H21ClN2O8/c1-24(2)14-7-5-6-10(16(27)12-9(25)4-3-8(22)11(12)15(6)26)18(29)21(7,32)19(30)13(17(14)28)20(23)31/h3-4,6-7,14-15,25-26,28-29,32H,5H2,1-2H3,(H2,23,31)/t6-,7-,14-,15-,21-/m0/s1",[H][C@]12C[C@@]3([H])[C@H](N(C)C)C(O)=C(C(N)=O)C(=O)[C@@]3(O)C(O)=C1C(=O)C1=C([C@H]2O)C(Cl)=CC=C1O,C21H21ClN2O8,,D00290,54680690,46506314,4392,CHEMBL1591,,10482117,,CN(C)[C@@H]1C(O)=C(C(N)=O)C(=O)[C@@]2(O)C(O)=C3C(=O)c4c(O)ccc(Cl)c4[C@@H](O)[C@H]3C[C@@H]12,0.2,-2.52,1520 mg/L (at 21 ?),464.853,-5.723,-3.350459428
DB00655,Estrone,53-16-7,approved,DNXHEGUUPJUMQT-CBZIJGRNSA-N,"InChI=1S/C18H22O2/c1-18-9-8-14-13-5-3-12(19)10-11(13)2-4-15(14)16(18)6-7-17(18)20/h3,5,10,14-16,19H,2,4,6-9H2,1H3/t14-,15-,16+,18+/m1/s1",[H][C@@]12CCC(=O)[C@@]1(C)CC[C@]1([H])C3=C(CC[C@@]21[H])C=C(O)C=C3,C18H22O2,C00468,D00067,5870,46505916,17263,CHEMBL1405,J3Z,5660,17289,C[C@]12CC[C@@H]3c4ccc(O)cc4CC[C@H]3[C@@H]1CCC2=O,2.6,-3.96,0.76 g/L at 20 ?,270.3661,-5.8742,-4.230254024
DB00656,Trazodone,19794-93-5,approved; investigational,PHLBKPHSAVXXEF-UHFFFAOYSA-N,"InChI=1S/C19H22ClN5O/c20-16-5-3-6-17(15-16)23-13-11-22(12-14-23)8-4-10-25-19(26)24-9-2-1-7-18(24)21-25/h1-3,5-7,9,15H,4,8,10-14H2",ClC1=CC=CC(=C1)N1CCN(CCCN2N=C3C=CC=CN3C2=O)CC1,C19H22ClN5O,C07156,D08626,5533,46506648,9654,CHEMBL621,,5332,50073444,O=c1n(CCCN2CCN(c3cccc(Cl)c3)CC2)nc2ccccn12,2.68,-3.1,,371.864,,-3.654966687
DB00659,Acamprosate,77337-76-9,approved; investigational,AFCGFAGUEYAMAO-UHFFFAOYSA-N,"InChI=1S/C5H11NO4S/c1-5(7)6-3-2-4-11(8,9)10/h2-4H2,1H3,(H,6,7)(H,8,9,10)",CC(=O)NCCCS(O)(=O)=O,C5H11NO4S,,D07058,71158,46506657,51041,CHEMBL1201293,,64300,,CC(=O)NCCCS(=O)(=O)O,-1.8,-0.98,>5mg/mL,181.21,-3.5902,0.3579428153025018
DB00703,Methazolamide,554-57-4,approved,FLOSMHQXBMRNHR-QPJJXVBHSA-N,"InChI=1S/C5H8N4O3S2/c1-3(10)7-4-9(2)8-5(13-4)14(6,11)12/h1-2H3,(H2,6,11,12)/b7-4+",CN1N=C(S\C1=N\C(C)=O)S(N)(=O)=O,C5H8N4O3S2,C07764,D00655,4100,46506393,6822,CHEMBL19,,10438315,50013792,CC(=O)/N=c1/sc(S(N)(=O)=O)nn1C,0.13,-1.83,3500 mg/L,236.26,-4.2122,-2.03990925
DB00741,Hydrocortisone,50-23-7,approved; vet_approved,JYGXADMDTFJGBT-VWUMJDOOSA-N,"InChI=1S/C21H30O5/c1-19-7-5-13(23)9-12(19)3-4-14-15-6-8-21(26,17(25)11-22)20(15,2)10-16(24)18(14)19/h9,14-16,18,22,24,26H,3-8,10-11H2,1-2H3/t14-,15-,16-,18+,19-,20-,21-/m0/s1",[H][C@@]12CC[C@](O)(C(=O)CO)[C@@]1(C)C[C@H](O)[C@@]1([H])[C@@]2([H])CCC2=CC(=O)CC[C@]12C,C21H30O5,C00735,D00088,5754,46505089,17650,CHEMBL389621,HCY,5551,13775,C[C@]12C[C@H](O)[C@H]3[C@@H](CCC4=CC(=O)CC[C@@]43C)[C@@H]1CC[C@]2(O)C(=O)CO,1.61,-2.97,320 mg/L (at 25 ?),362.4599,-7.0323,-3.214613383
DB00759,Tetracycline,60-54-8,approved; vet_approved; withdrawn,OFVLGDICTFRJMM-WESIUVDSSA-N,"InChI=1S/C22H24N2O8/c1-21(31)8-5-4-6-11(25)12(8)16(26)13-9(21)7-10-15(24(2)3)17(27)14(20(23)30)19(29)22(10,32)18(13)28/h4-6,9-10,15,25,27-28,31-32H,7H2,1-3H3,(H2,23,30)/t9-,10-,15-,21+,22-/m0/s1",[H][C@@]12C[C@@]3([H])C(=C(O)[C@]1(O)C(=O)C(C(N)=O)=C(O)[C@H]2N(C)C)C(=O)C1=C(O)C=CC=C1[C@@]3(C)O,C22H24N2O8,C06570,D00201,54675776,46506693,27902,CHEMBL1440,TAC,10257122,50237605,CN(C)[C@@H]1C(O)=C(C(N)=O)C(=O)[C@@]2(O)C(O)=C3C(=O)c4c(O)cccc4[C@@](C)(O)[C@H]3C[C@@H]12,-1.3,-3.12,231 mg/L (at 25 ?),444.4346,-7.5621,-2.740940961
DB00766,Clavulanic acid,58001-44-8,approved; vet_approved,HZZVJAQRINQKSD-PBFISZAISA-N,"InChI=1S/C8H9NO5/c10-2-1-4-7(8(12)13)9-5(11)3-6(9)14-4/h1,6-7,10H,2-3H2,(H,12,13)/b4-1-/t6-,7-/m1/s1",[H][C@@]12CC(=O)N1[C@@H](C(O)=O)\C(O2)=C\CO,C8H9NO5,C06662,,5280980,46508845,48947,CHEMBL777,J01,4444466,50021959,O=C(O)[C@H]1/C(=C/CO)O[C@@H]2CC(=O)N21,-2.3,0.23,,199.1608,,-0.345925047
DB00788,Naproxen,22204-53-1,approved; vet_approved,CMWTZPSULFXXJA-VIFPVBQESA-N,"InChI=1S/C14H14O3/c1-9(14(15)16)10-3-4-12-8-13(17-2)6-5-11(12)7-10/h3-9H,1-2H3,(H,15,16)/t9-/m0/s1",COC1=CC2=C(C=C1)C=C(C=C2)[C@H](C)C(O)=O,C14H14O3,C01517,D00118,156391,46505508,7476,CHEMBL154,NPS,137720,50339185,COc1ccc2cc([C@H](C)C(=O)O)ccc2c1,3.18,-4.16,15.9 mg/L (at 25 ?),230.2592,-9.5806,-3.854800233
DB00826,Natamycin,7681-93-8,approved,NCXMLFZGDNKEPB-FFPOYIOWSA-N,"InChI=1S/C33H47NO13/c1-18-10-8-6-4-3-5-7-9-11-21(45-32-30(39)28(34)29(38)19(2)44-32)15-25-27(31(40)41)22(36)17-33(42,47-25)16-20(35)14-24-23(46-24)12-13-26(37)43-18/h3-9,11-13,18-25,27-30,32,35-36,38-39,42H,10,14-17,34H2,1-2H3,(H,40,41)/b4-3+,7-5+,8-6+,11-9+,13-12+/t18-,19-,20+,21+,22+,23-,24-,25+,27-,28+,29-,30+,32+,33-/m1/s1",[H][C@@]12C[C@H](O)C[C@]3(O)C[C@H](O)[C@@H](C(O)=O)[C@]([H])(C[C@@H](O[C@]4([H])O[C@H](C)[C@@H](O)[C@H](N)[C@@H]4O)\C=C\C=C\C=C\C=C\C[C@@H](C)OC(=O)\C=C\[C@@]1([H])O2)O3,C33H47NO13,C08073,D00884,5284447,46509171,,CHEMBL1200656,,10468784,50370755,C[C@@H]1C/C=C/C=C/C=C/C=C/[C@H](O[C@@H]2O[C@H](C)[C@@H](O)[C@H](N)[C@@H]2O)C[C@@H]2O[C@](O)(C[C@@H](O)C[C@H]3O[C@@H]3/C=C/C(=O)O1)C[C@H](O)[C@H]2C(=O)O,1.1,-3.21,4100 mg/L (at 21 ?),665.733,-5.0899,-3.189724378
DB00859,Penicillamine,52-67-5,approved,VVNCNSJFMMFHPL-VKHMYHEASA-N,"InChI=1S/C5H11NO2S/c1-5(2,9)3(6)4(7)8/h3,9H,6H2,1-2H3,(H,7,8)/t3-/m0/s1",[H][C@](N)(C(O)=O)C(C)(C)S,C5H11NO2S,C07418,D00496,5852,46508305,7959,CHEMBL1430,LEI,5643,39346,CC(C)(S)[C@@H](N)C(=O)O,-1.78,-0.13,1.11E+005 mg/L (at 20 ?),149.211,-0.2958,-0.801600277
DB00860,Prednisolone,50-24-8,approved; vet_approved,OIGNJSKKLXVSLS-VWUMJDOOSA-N,"InChI=1S/C21H28O5/c1-19-7-5-13(23)9-12(19)3-4-14-15-6-8-21(26,17(25)11-22)20(15,2)10-16(24)18(14)19/h5,7,9,14-16,18,22,24,26H,3-4,6,8,10-11H2,1-2H3/t14-,15-,16-,18+,19-,20-,21-/m0/s1",[H][C@@]12CC[C@](O)(C(=O)CO)[C@@]1(C)C[C@H](O)[C@@]1([H])[C@@]2([H])CCC2=CC(=O)C=C[C@]12C,C21H28O5,C07369,D00472,5755,46504847,8378,CHEMBL131,TUA,5552,19190,C[C@]12C[C@H](O)[C@H]3[C@@H](CCC4=CC(=O)C=C[C@@]43C)[C@@H]1CC[C@]2(O)C(=O)CO,1.62,-3.21,223 mg/L (at 25 ?),360.444,-7.3879,-3.19475598
DB00880,Chlorothiazide,58-94-6,approved; vet_approved,JBMKAUGHUNFTOL-UHFFFAOYSA-N,"InChI=1S/C7H6ClN3O4S2/c8-4-1-5-7(2-6(4)16(9,12)13)17(14,15)11-3-10-5/h1-3H,(H,10,11)(H2,9,12,13)",NS(=O)(=O)C1=C(Cl)C=C2NC=NS(=O)(=O)C2=C1,C7H6ClN3O4S2,C07461,D00519,2720,46507032,3640,CHEMBL842,,2619,39351,NS(=O)(=O)c1cc2c(cc1Cl)NC=NS2(=O)=O,-0.24,-3.05,266 mg/L (at 30 ?),295.723,-7.0137,-2.659809487
DB00883,Isosorbide dinitrate,87-33-2,approved; investigational,MOYKHGMNXAOIAT-JGWLITMVSA-N,"InChI=1S/C6H8N2O8/c9-7(10)15-3-1-13-6-4(16-8(11)12)2-14-5(3)6/h3-6H,1-2H2/t3-,4+,5-,6-/m1/s1",[H][C@]12OC[C@H](O[N+]([O-])=O)[C@@]1([H])OC[C@H]2O[N+]([O-])=O,C6H8N2O8,C07456,D00516,6883,46506412,6061,CHEMBL6622,,6619,,O=[N+]([O-])O[C@H]1CO[C@H]2[C@@H]1OC[C@H]2O[N+](=O)[O-],1.31,-2.63,550 mg/L (at 25 ?),236.1363,-6.0622,-1.925176105
DB00890,Dienestrol,13029-44-2,approved; investigational,NFDFQCUYFHCNBW-SCGPFSFSSA-N,"InChI=1S/C18H18O2/c1-3-17(13-5-9-15(19)10-6-13)18(4-2)14-7-11-16(20)12-8-14/h3-12,19-20H,1-2H3/b17-3+,18-4+",[H]\C(C)=C(/C(=C(\[H])C)/C1=CC=C(O)C=C1)\C1=CC=C(O)C=C1,C18H18O2,C08090,D00898,667476,46504661,4518,CHEMBL1018,,580857,40491,C/C=C(C(=C/C)/c1ccc(O)cc1)\c1ccc(O)cc1,5.9,-4.95,3 mg/L (at 37 ?),266.34,-11.3939,-4.593248957
DB00907,Cocaine,50-36-2,approved; illicit,ZPUCINDJVBIVPJ-LJISPDSOSA-N,"InChI=1S/C17H21NO4/c1-18-12-8-9-13(18)15(17(20)21-2)14(10-12)22-16(19)11-6-4-3-5-7-11/h3-7,12-15H,8-10H2,1-2H3/t12-,13+,14-,15+/m0/s1",[H][C@]12CC[C@]([H])([C@H]([C@H](C1)OC(=O)C1=CC=CC=C1)C(=O)OC)N2C,C17H21NO4,C01416,D00110,446220,46506326,27958,CHEMBL370805,COC,10194104,22418,COC(=O)[C@H]1[C@@H](OC(=O)c2ccccc2)C[C@@H]2CC[C@H]1N2C,2.3,-2.23,1800 mg/L (at 22 ?),303.3529,-5.1271,-2.144696798
DB00908,Quinidine,56-54-2,approved; investigational,LOUPRKONTZGTKE-LHHVKLHASA-N,"InChI=1S/C20H24N2O2/c1-3-13-12-22-9-7-14(13)10-19(22)20(23)16-6-8-21-18-5-4-15(24-2)11-17(16)18/h3-6,8,11,13-14,19-20,23H,1,7,9-10,12H2,2H3/t13-,14-,19+,20-/m0/s1",[H][C@@]12CCN(C[C@@H]1C=C)[C@]([H])(C2)[C@@H](O)C1=C2C=C(OC)C=CC2=NC=C1,C20H24N2O2,C06527,D08458,441074,46505356,28593,CHEMBL1294,QDN,389880,50121975,C=C[C@H]1CN2CC[C@H]1C[C@@H]2[C@@H](O)c1ccnc2ccc(OC)cc12,3.44,-3.37,140 mg/L (at 25 ?),324.4168,-7.7481,-2.788881699
DB00959,Methylprednisolone,83-43-2,approved; vet_approved,VHRSUDSXCMQTMA-PJHHCJLFSA-N,"InChI=1S/C22H30O5/c1-12-8-14-15-5-7-22(27,18(26)11-23)21(15,3)10-17(25)19(14)20(2)6-4-13(24)9-16(12)20/h4,6,9,12,14-15,17,19,23,25,27H,5,7-8,10-11H2,1-3H3/t12-,14-,15-,17-,19+,20-,21-,22-/m0/s1",[H][C@@]12CC[C@](O)(C(=O)CO)[C@@]1(C)C[C@H](O)[C@@]1([H])[C@@]2([H])C[C@H](C)C2=CC(=O)C=C[C@]12C,C22H30O5,,D00407,6741,46504885,6888,CHEMBL650,,6485,50103616,C[C@H]1C[C@H]2[C@@H]3CC[C@](O)(C(=O)CO)[C@@]3(C)C[C@H](O)[C@@H]2[C@@]2(C)C=CC(=O)C=C12,1.525,-2.99,120 mg/L (at 25 ?),374.4706,-8.0458,-3.385817541
DB00977,Ethinylestradiol,57-63-6,approved,BFPYWIDHMRZLRN-SLHNCBLASA-N,"InChI=1S/C20H24O2/c1-3-20(22)11-9-18-17-6-4-13-12-14(21)5-7-15(13)16(17)8-10-19(18,20)2/h1,5,7,12,16-18,21-22H,4,6,8-11H2,2H3/t16-,17-,18+,19+,20+/m1/s1",[H][C@@]12CC[C@@](O)(C#C)[C@@]1(C)CC[C@]1([H])C3=C(CC[C@@]21[H])C=C(O)C=C3,C20H24O2,C07534,D00554,5991,46508618,4903,CHEMBL691,3WF,5770,50187243,C#C[C@]1(O)CC[C@H]2[C@@H]3CCc4cc(O)ccc4[C@H]3CC[C@@]21C,3.67,-4.3,11.3 mg/L (at 27 ?),296.4034,-10.1747,-4.907640174
DB01062,Oxybutynin,5633-20-5,approved; investigational,XIQVNETUBQGFHX-UHFFFAOYSA-N,"InChI=1S/C22H31NO3/c1-3-23(4-2)17-11-12-18-26-21(24)22(25,19-13-7-5-8-14-19)20-15-9-6-10-16-20/h5,7-8,13-14,20,25H,3-4,6,9-10,15-18H2,1-2H3",CCN(CC)CC#CCOC(=O)C(O)(C1CCCCC1)C1=CC=CC=C1,C22H31NO3,C07360,D00465,4634,46508005,7856,CHEMBL1231,,4473,50165019,CCN(CC)CC#CCOC(=O)C(O)(c1ccccc1)C1CCCCC1,4.3,-4.6,50 mg/mL,357.4864,-1.9671,-3.472752207
DB01104,Sertraline,79617-96-2,approved,VGKDLMBJGBXTGI-SJCJKPOMSA-N,"InChI=1S/C17H17Cl2N/c1-20-17-9-7-12(13-4-2-3-5-14(13)17)11-6-8-15(18)16(19)10-11/h2-6,8,10,12,17,20H,7,9H2,1H3/t12-,17-/m0/s1",CN[C@H]1CC[C@@H](C2=CC(Cl)=C(Cl)C=C2)C2=CC=CC=C12,C17H17Cl2N,C07246,D02360,68617,46505341,9123,CHEMBL809,SRE,61881,50028094,CN[C@H]1CC[C@@H](c2ccc(Cl)c(Cl)c2)c2ccccc21,5.51,-6.3,3.8mg/mL,306.23,-4.3893,-5.311703097
DB01224,Quetiapine,111974-69-7,approved,URKOMYMAXPYINW-UHFFFAOYSA-N,"InChI=1S/C21H25N3O2S/c25-14-16-26-15-13-23-9-11-24(12-10-23)21-17-5-1-3-7-19(17)27-20-8-4-2-6-18(20)22-21/h1-8,25H,9-16H2",OCCOCCN1CCN(CC1)C1=NC2=CC=CC=C2SC2=CC=CC=C12,C21H25N3O2S,C07397,D08456,5002,46504800,8707,CHEMBL716,,4827,50095890,OCCOCCN1CCN(C2=Nc3ccccc3Sc3ccccc32)CC1,2.81,-4,,383.507,,-3.451665878
DB01234,Dexamethasone,50-02-2,approved; investigational; vet_approved,UREBDLICKHMUKA-CXSFZGCWSA-N,"InChI=1S/C22H29FO5/c1-12-8-16-15-5-4-13-9-14(25)6-7-19(13,2)21(15,23)17(26)10-20(16,3)22(12,28)18(27)11-24/h6-7,9,12,15-17,24,26,28H,4-5,8,10-11H2,1-3H3/t12-,15+,16+,17+,19+,20+,21+,22+/m1/s1",[H][C@@]12C[C@@H](C)[C@](O)(C(=O)CO)[C@@]1(C)C[C@H](O)[C@@]1(F)[C@@]2([H])CCC2=CC(=O)C=C[C@]12C,C22H29FO5,C15643,D00292,5743,46508930,41879,CHEMBL384467,DEX,5541,18207,C[C@@H]1C[C@H]2[C@@H]3CCC4=CC(=O)C=C[C@]4(C)[C@@]3(F)[C@@H](O)C[C@]2(C)[C@@]1(O)C(=O)CO,1.83,-3.64,89 mg/L (at 25 ?),392.4611,-8.3916,-3.811825306
DB01395,Drospirenone,67392-87-4,approved,METQSPRSQINEEU-HXCATZOESA-N,"InChI=1S/C24H30O3/c1-22-6-3-12(25)9-17(22)13-10-14(13)20-16(22)4-7-23(2)21(20)15-11-18(15)24(23)8-5-19(26)27-24/h9,13-16,18,20-21H,3-8,10-11H2,1-2H3/t13-,14+,15-,16+,18+,20-,21+,22-,23+,24+/m1/s1",[H][C@@]12C[C@]1([H])[C@@]1([H])[C@]3([H])[C@]4([H])C[C@]4([H])[C@@]4(CCC(=O)O4)[C@@]3(C)CC[C@]1([H])[C@@]1(C)CCC(=O)C=C21,C24H30O3,,D03917,68873,46507653,50838,CHEMBL1509,,62105,150275,C[C@]12CC[C@H]3[C@H]([C@@H]1[C@@H]1C[C@@H]1[C@@]21CCC(=O)O1)[C@H]1C[C@H]1C1=CC(=O)CC[C@@]13C,3.08,-5.2,,366.4932,,-4.93110144
DB01403,Methotrimeprazine,60-99-1,approved; investigational,VRQVVMDWGGWHTJ-CQSZACIVSA-N,"InChI=1S/C19H24N2OS/c1-14(12-20(2)3)13-21-16-7-5-6-8-18(16)23-19-10-9-15(22-4)11-17(19)21/h5-11,14H,12-13H2,1-4H3/t14-/m1/s1",COC1=CC2=C(SC3=C(C=CC=C3)N2C[C@H](C)CN(C)C)C=C1,C19H24N2OS,C07192,D00403,72287,46507223,6838,CHEMBL1764,,65239,50418049,COc1ccc2c(c1)N(C[C@H](C)CN(C)C)c1ccccc1S2,4.68,-4.22,20 mg/L (at 25 ?),328.472,-9.7065,-4.718936501
DB01420,Testosterone propionate,57-85-2,approved; investigational; vet_approved; withdrawn,PDMMFKSKQVNJMI-BLQWBTBKSA-N,"InChI=1S/C22H32O3/c1-4-20(24)25-19-8-7-17-16-6-5-14-13-15(23)9-11-21(14,2)18(16)10-12-22(17,19)3/h13,16-19H,4-12H2,1-3H3/t16-,17-,18-,19-,21-,22-/m0/s1",[H][C@@]12CC[C@H](OC(=O)CC)[C@@]1(C)CC[C@@]1([H])[C@@]2([H])CCC2=CC(=O)CC[C@]12C,C22H32O3,C08158,D00959,5995,46508693,9466,CHEMBL1170,,5774,50215709,CCC(=O)O[C@H]1CC[C@H]2[C@@H]3CCC4=CC(=O)CC[C@]4(C)[C@H]3CC[C@]12C,,-5.37,1.48 mg/L (at 25?),344.4877,-12.3578,-4.931779841
DB01426,Ajmaline,12/7/4360,approved; experimental,CJDRUOGAGYHKKD-HEFSZTOGSA-N,"InChI=1S/C20H26N2O2/c1-3-10-11-8-14-17-20(12-6-4-5-7-13(12)21(17)2)9-15(16(11)18(20)23)22(14)19(10)24/h4-7,10-11,14-19,23-24H,3,8-9H2,1-2H3/t10-,11-,14-,15-,16?,17-,18+,19+,20+/m0/s1",[H][C@]12C[C@]34[C@H](O)C1[C@@]1([H])C[C@]([H])(N2[C@H](O)[C@H]1CC)[C@]3([H])N(C)C1=CC=CC=C41,C20H26N2O2,C06542,D00199,441080,46506449,28462,CHEMBL2357792,,10145712,,CC[C@H]1[C@@H]2C[C@H]3[C@@H]4N(C)c5ccccc5[C@]45C[C@@H](C2[C@H]5O)N3[C@@H]1O,1.81,-2.82,490 mg/L (at 30 ?),326.4326,-6.5016,-2.795337604
DB01638,Sorbitol,50-70-4,approved,FBPFZTCFMRRESA-JGWLITMVSA-N,"InChI=1S/C6H14O6/c7-1-3(9)5(11)6(12)4(10)2-8/h3-12H,1-2H2/t3-,4+,5-,6-/m1/s1",OC[C@H](O)[C@@H](O)[C@H](O)[C@H](O)CO,C6H14O6,C00794,D00096,5780,46507030,17924,CHEMBL1682,SOR,5576,,OC[C@H](O)[C@@H](O)[C@H](O)[C@H](O)CO,-2.2,1.09,2.75E+006 mg/L (at 30 ?),182.1718,2.7144,0.5616592500908353
DB02659,Cholic Acid,81-25-4,approved,BHQCQFFYRZLCQQ-OELDTZBJSA-N,"InChI=1S/C24H40O5/c1-13(4-7-21(28)29)16-5-6-17-22-18(12-20(27)24(16,17)3)23(2)9-8-15(25)10-14(23)11-19(22)26/h13-20,22,25-27H,4-12H2,1-3H3,(H,28,29)/t13-,14+,15-,16-,17+,18+,19-,20+,22+,23+,24-/m1/s1",[H][C@@](C)(CCC(O)=O)[C@@]1([H])CC[C@@]2([H])[C@]3([H])[C@]([H])(O)C[C@]4([H])C[C@]([H])(O)CC[C@]4(C)[C@@]3([H])C[C@]([H])(O)[C@]12C,C24H40O5,C00695,D10699,221493,46507063,16359,CHEMBL205596,CHD,192176,21680,C[C@H](CCC(=O)O)[C@H]1CC[C@H]2[C@H]3[C@H](C[C@H](O)[C@@]21C)[C@@]1(C)CC[C@@H](O)C[C@H]1C[C@H]3O,2.02,-3.37,175 mg/L (at 20 ?),408.5714,-7.7556,-3.68356454
DB03619,Deoxycholic acid,83-44-3,approved,KXGVEGMKQFWNSR-LLQZFEROSA-N,"InChI=1S/C24H40O4/c1-14(4-9-22(27)28)18-7-8-19-17-6-5-15-12-16(25)10-11-23(15,2)20(17)13-21(26)24(18,19)3/h14-21,25-26H,4-13H2,1-3H3,(H,27,28)/t14-,15-,16-,17+,18-,19+,20+,21+,23+,24-/m1/s1",[H][C@@]12CC[C@H]([C@H](C)CCC(O)=O)[C@@]1(C)[C@@H](O)C[C@@]1([H])[C@@]2([H])CC[C@]2([H])C[C@H](O)CC[C@]12C,C24H40O4,C04483,,222528,46506360,28834,CHEMBL406393,DXC,193196,50375599,C[C@H](CCC(=O)O)[C@H]1CC[C@H]2[C@@H]3CC[C@@H]4C[C@H](O)CC[C@]4(C)[C@H]3C[C@H](O)[C@@]21C,3.5,-3.95,43.6 mg/L (at 20 ?),392.572,-9.1054,-4.405390601
DB09195,Lorpiprazole,108785-69-9,approved,BNRMWKUVWLKDQJ-YJBOKZPZSA-N,"InChI=1S/C21H26F3N5/c22-21(23,24)16-4-2-5-17(13-16)28-11-9-27(10-12-28)8-7-19-25-26-20-18-6-1-3-15(18)14-29(19)20/h2,4-5,13,15,18H,1,3,6-12,14H2/t15-,18-/m0/s1",[H][C@@]12CCC[C@]1([H])C1=NN=C(CCN3CCN(CC3)C3=CC=CC(=C3)C(F)(F)F)N1C2,C21H26F3N5,,,20055414,310265103,,,,16736802,,FC(F)(F)c1cccc(N2CCN(CCc3nnc4n3C[C@@H]3CCC[C@H]43)CC2)c1,3.02,-3.63,,405.469,,-4.195978304
